{
  "title": "",
  "description": "",
  "variables": {
    "backgroundColor": {
      "type": "string",
      "defaultValue": "dark-ocean"
    },
    "illustrationBackground": {
      "type": "string",
      "defaultValue": "https://static.oracle.com/cdn/fnd/gallery/2307.0.2/images/illust-welcome-banner-bg-01.png"
    },
    "illustrationForeground": {
      "type": "string",
      "defaultValue": "https://static.oracle.com/cdn/fnd/gallery/2307.0.2/images/illust-welcome-banner-fg-01.png"
    },
    "imageStretch": {
      "type": "string",
      "defaultValue": "none"
    },
    "mobileImage": {
      "type": "string",
      "defaultValue": "on"
    },
    "oicsummaryUpdateDate": {
      "type": {
        "lastSuccessRun": "string",
        "triggerType": "string"
      },
      "defaultValue": {
        "triggerType": "Detail",
        "lastSuccessRun": "08/09/2025"
      }
    }
  },
  "metadata": {},
  "types": {},
  "eventListeners": {
    "cardAction": {
      "chains": [
        {
          "chain": "CardActionChain"
        }
      ]
    },
    "cardAction2": {
      "chains": [
        {
          "chain": "CardActionChain1"
        }
      ]
    },
    "vbEnter": {
      "chains": [
        {
          "parameters": {},
          "chain": "vbEnterListener"
        }
      ]
    }
  },
  "imports": {
    "components": {
      "oj-action-card": {
        "path": "ojs/ojactioncard"
      },
      "oj-form-layout": {
        "path": "ojs/ojformlayout"
      },
      "oj-navigation-list": {
        "path": "ojs/ojnavigationlist"
      },
      "oj-sp-welcome-page": {
        "path": "oj-sp/welcome-page/loader"
      }
    },
    "css": [
      "/resources/css/app.css"
    ]
  }
}
