[
    {
        "id": 4022558004,
        "type": "job_admin",
        "name": "HR"
    },
    {
        "id": 4022559004,
        "type": "job_admin",
        "name": "Hiring Manager"
    },
    {
        "id": 4022560004,
        "type": "job_admin",
        "name": "VP"
    },
    {
        "id": 4022561004,
        "type": "job_admin",
        "name": "Recruiter"
    },
    {
        "id": 4022562004,
        "type": "job_admin",
        "name": "Recruiting Manager"
    },
    {
        "id": 4022564004,
        "type": "job_admin",
        "name": "Finance"
    },
    {
        "id": 4022565004,
        "type": "job_admin",
        "name": "Interviewer"
    }
]