{
    "openapi": "3.0.0",
    "info": {
        "title": "ORDS",
        "version": "1.0.0"
    },
    "servers": [
        {
            "url": "vb-catalog://backends/ORDS",
            "description": "ORDS"
        }
    ],
    "paths": {
        "/xxood/db/getSummary": {
            "get": {
                "operationId": "getDbGetSummary",
                "parameters": [
                    {
                        "name": "p_days_cnt",
                        "in": "query",
                        "schema": {
                            "type": "integer"
                        },
                        "x-vb": {
                            "defaultValue": "1"
                        }
                    },
                    {
                        "name": "p_job_type",
                        "in": "query",
                        "schema": {
                            "type": "string"
                        },
                        "x-vb": {
                            "defaultValue": "ESS"
                        }
                    }
                ],
                "responses": {
                    "default": {
                        "description": "Response for default",
                        "content": {
                            "application/json": {
                                "schema": {
                                    "$ref": "#/components/schemas/GetDbGetSummary"
                                },
                                "examples": {
                                    "vb": {
                                        "summary": "Example stored by VB User",
                                        "externalValue": "./examples/getDbGetSummary/response_default_application_json_vb.json"
                                    }
                                }
                            }
                        }
                    }
                },
                "x-vb": {
                    "actionHint": "getMany"
                }
            }
        }
    },
    "components": {
        "schemas": {
            "GetDbGetSummary": {
                "type": "object",
                "properties": {
                    "items": {
                        "type": "array",
                        "items": {
                            "type": "object",
                            "properties": {
                                "xxood_xxi021_job_summary_pkg.ess_summary_fnc(:1,:2)": {
                                    "type": "string"
                                }
                            }
                        }
                    },
                    "hasMore": {
                        "type": "boolean"
                    },
                    "limit": {
                        "type": "integer"
                    },
                    "offset": {
                        "type": "integer"
                    },
                    "count": {
                        "type": "integer"
                    },
                    "links": {
                        "type": "array",
                        "items": {
                            "type": "object",
                            "properties": {
                                "rel": {
                                    "type": "string"
                                },
                                "href": {
                                    "type": "string"
                                }
                            }
                        }
                    }
                }
            }
        }
    }
}