{
  "component-dependencies": {
    "oj-sp": {
      "version": "2410.0.3",
      "components": {
        "guided-process": "2410.0.3",
        "simple-create-edit": "2410.0.3",
        "section": "2410.0.3",
        "advanced-create-edit": "2410.0.3",
        "message-unsaved-changes": "2410.0.3",
        "completion-panel": "2410.0.3",
        "foldout-layout": "2410.0.3",
        "horizontal-overview": "2410.0.3",
        "foldout-panel-summarizing": "2410.0.3",
        "welcome-page": "2410.0.3",
        "card": "2410.0.3",
        "create-edit-drawer-template": "2410.0.3",
        "diagram-builder": "2410.0.3",
        "detail-panel": "2410.0.3",
        "guided-process-drawer-template": "2410.0.3",
        "smart-search-page": "2410.0.3",
        "collection-container": "2410.0.3",
        "list-item-template": "2410.0.3",
        "empty-state": "2410.0.3",
        "input-rich-text-2": "2410.0.3",
        "expanded-hover-card": "2410.0.3"
      }
    },
    "oj-dynamic": {
      "version": "16.1.6",
      "components": {
        "form": "16.1.6"
      }
    },
    "oj-dyn": {
      "version": "16.1.6",
      "components": {
        "form": "16.1.6"
      }
    }
  }
}
