{
  "title": "Shell Header",
  "eventListeners": {
    "avatarMenuAction": {
      "chains": [
      ]
    },
    "headerAvatarClick": {
      "chains": [
      ]
    },
    "headerAvatarMenuMenuAction": {
      "chains": [
        {
          "chain": "MenuMenuActionChain",
          "parameters": {
            "menuId": "{{$event.detail.selectedValue}}"
          }
        }
      ]
    }

  },
  "events": {},
  "imports": {
    "components": {
      "oj-avatar": {
        "path": "ojs/ojavatar"
      },
      "oj-button": {
        "path": "ojs/ojbutton"
      },
      "oj-menu": {
        "path": "ojs/ojmenu"
      },
      "oj-menu-button": {
        "path": "ojs/ojbutton"
      },
      "oj-option": {
        "path": "ojs/ojoption"
      },
      "oj-popup": {
        "path": "ojs/ojpopup"
      },
      "oj-toolbar": {
        "path": "ojs/ojtoolbar"
      }
    },
    "css": [
      "/resources/css/shell.css"
    ]
  },
  "metadata": {},
  "types": {},
  "variables": {}
}