{
    "openapi": "3.0.0",
    "info": {
        "title": "GreenhouseBackEnd",
        "version": "1.0.0"
    },
    "servers": [
        {
            "url": "vb-catalog://backends/GreenhouseBackEnd",
            "description": "GreenhouseBackEnd"
        }
    ],
    "paths": {
        "/job_posts/{id}": {
            "parameters": [
                {
                    "name": "id",
                    "in": "path",
                    "required": true,
                    "schema": {
                        "type": "string"
                    }
                }
            ],
            "patch": {
                "operationId": "patch_jobPost",
                "parameters": [
                    {
                        "name": "on-behalf-of",
                        "in": "header",
                        "schema": {
                            "type": "string"
                        }
                    }
                ],
                "requestBody": {
                    "description": "Request for application/json",
                    "content": {
                        "application/json": {
                            "schema": {
                                "$ref": "#/components/schemas/PatchJob_postsIdRequest"
                            },
                            "examples": {
                                "vb": {
                                    "summary": "Example stored by VB User",
                                    "externalValue": "./examples/patch_jobPost/request_application_json_vb.json"
                                }
                            }
                        }
                    }
                },
                "responses": {
                    "default": {
                        "description": "Default response",
                        "content": {
                            "application/json": {
                                "schema": {
                                    "$ref": "#/components/schemas/PatchJob_postsIdResponse"
                                },
                                "examples": {
                                    "vb": {
                                        "externalValue": "./examples/patch_jobPost/response_default_application_json_vb.json"
                                    }
                                }
                            }
                        }
                    }
                },
                "x-vb": {
                    "actionHint": "update"
                }
            }
        }
    },
    "components": {
        "schemas": {
            "PatchJob_postsIdRequest": {
                "type": "object",
                "properties": {
                    "location": {
                        "type": "string"
                    }
                }
            },
            "PatchJob_postsIdResponse": {
                "type": "object",
                "properties": {
                    "success": {
                        "type": "boolean"
                    }
                }
            }
        }
    }
}