{
  "app_title_navigation_drawer": "Application Navigation Drawer",
  "@app_title_navigation_drawer": {
    "description": "Title for Application Navigation Drawer"
  },
  "app_footer_about_link": "About",
  "@app_footer_about_link": {
    "description": "About link on shell footer"
  },
  "app_footer_copyright": "Created with Visual Builder, Copyright © 2024",
  "@app_footer_copyright": {
    "description": "Copyright text on shell footer"
  },
  "app_sign_out": "Sign Out",
  "@app_sign_out": {
    "description": "Text on menu option to log out of the application"
  },
  "app_theme": "Theme",
  "@app_theme": {
    "description": "Text on menu button for displaying themes"
  },
  "app_theme_light": "Light",
  "@app_theme_light": {
    "description": "Text on menu option to switch to light theme"
  },
  "app_theme_dark": "Dark",
  "@app_theme_dark": {
    "description": "Text on menu option to switch to dark theme"
  },
  "app_theme_os": "OS",
  "@app_theme_os": {
    "description": "Text on menu option to use light theme or dark theme based on the client’s OS settings"
  },
  "h4__text": "IaaS",
  "@h4__text": {
    "description": ""
  },
  "bind_text_value": "SaaS",
  "@bind_text_value": {
    "description": ""
  },
  "bind_text_value_4eeb": "OIC",
  "@bind_text_value_4eeb": {
    "description": ""
  },
  "bind_text_value_e4f1": "OCI",
  "@bind_text_value_e4f1": {
    "description": ""
  },
  "p__text": "Total Count",
  "@p__text": {
    "description": ""
  },
  "p__text_c263": "Good",
  "@p__text_c263": {
    "description": ""
  },
  "bind_text_value_3332": "PaaS",
  "@bind_text_value_3332": {
    "description": ""
  },
  "bind_text_value_db62": "ESS Jobs",
  "@bind_text_value_db62": {
    "description": ""
  },
  "bind_text_value_256e": "BICC Jobs",
  "@bind_text_value_256e": {
    "description": ""
  },
  "a__text": "IAAS",
  "@a__text": {
    "description": ""
  },
  "a__text_c968": "PAAS",
  "@a__text_c968": {
    "description": ""
  },
  "a__text_2e9b": "SAAS",
  "@a__text_2e9b": {
    "description": ""
  },
  "a__text_1e94": "SAAS",
  "@a__text_1e94": {
    "description": ""
  },
  "bind_text_value_c8ec": "OCI",
  "@bind_text_value_c8ec": {
    "description": ""
  },
  "bind_text_value_c14a": "OIC",
  "@bind_text_value_c14a": {
    "description": ""
  },
  "bind_text_value_e3da": "IaaS",
  "@bind_text_value_e3da": {
    "description": ""
  },
  "input_text_label_hint": "search",
  "@input_text_label_hint": {
    "description": ""
  },
   "span__text": "Good",
  "@span__text": {
    "description": ""
  },
  "span__text_e582": "Information",
  "@span__text_e582": {
    "description": ""
  },
  "span__text_f1d1": "Information",
  "@span__text_f1d1": {
    "description": ""
  },
  "span__text_5463": "Information",
  "@span__text_5463": {
    "description": ""
  },
  "span__text_4167": "Information",
  "@span__text_4167": {
    "description": ""
  },
  "p__text1": "Error rate (past 24 hours)",
  "@p__text1": {
    "description": ""
  },
  "bind_text_value1": "52 of 800 allowed",
  "@bind_text_value1": {
    "description": ""
  },
  "p__text_eddb": "Inprogress",
  "@p__text_eddb": {
    "description": ""
  },
  "highlight_text_text": "86.667%",
  "@highlight_text_text": {
    "description": ""
  },
  "highlight_text_text_516b": "13",
  "@highlight_text_text_516b": {
    "description": ""
  },
  "a__text_adc0": "Instance",
  "@a__text_adc0": {
    "description": ""
  },
  "bind_text_value_47c7": "Dashboard",
  "@bind_text_value_47c7": {
    "description": ""
  },
  "bind_text_value_d9dd": "Dashboard",
  "@bind_text_value_d9dd": {
    "description": ""
  },
  "li__text": "Main",
  "@li__text": {
    "description": ""
  },
  "bind_text_value_e27b": "Instance",
  "@bind_text_value_e27b": {
    "description": ""
  },
  "bind_text_value_5e71": "Audit Logs",
  "@bind_text_value_5e71": {
    "description": ""
  },
  "input_text_label_hint_a6eb": "Search",
  "@input_text_label_hint_a6eb": {
    "description": ""
  },
  "bind_text_value_e029": "ESS Jobs",
  "@bind_text_value_e029": {
    "description": ""
  },
  "bind_text_value_3dc8": "BICC Jobs",
  "@bind_text_value_3dc8": {
    "description": ""
  },
  "input_text_label_hint_e6f6": "Search",
  "@input_text_label_hint_e6f6": {
    "description": ""
  },
  "input_text_placeholder": "Search",
  "@input_text_placeholder": {
    "description": ""
  },
  "bind_text_value_7457": "Succeeded",
  "@bind_text_value_7457": {
    "description": ""
  },
  "bind_text_value_bb4c": "Cancelled",
  "@bind_text_value_bb4c": {
    "description": ""
  },
  "bind_text_value_b217": "Running",
  "@bind_text_value_b217": {
    "description": ""
  },
  "bind_text_value_befd": "Waiting",
  "@bind_text_value_befd": {
    "description": ""
  }
}