[
    {
        "id": 5712714004,
        "active": true,
        "live": false,
        "first_published_at": null,
        "title": "Corporate, Finance, Operations",
        "location": {
            "id": 6102344004,
            "name": "perusito",
            "office_id": null,
            "job_post_custom_location_id": null,
            "job_post_location_type": {
                "id": 4000000004,
                "name": "Free Text"
            }
        },
        "internal": false,
        "external": true,
        "job_id": 5008289004,
        "content": "<p><strong>Treasury Manager</strong></p>\n<p><strong>Must be able to work from ofﬁce daily <br>Location: Miami, Florida</strong></p>\n<p><strong>Full-time Position</strong></p>\n<p><strong>Company Description</strong></p>\n<p>Kaseya is the leading provider of complete IT infrastructure management solutions for Managed Service Providers (MSPs) and internal IT organizations worldwide. Kaseya&rsquo;s best-in-breed technologies allow organizations to efﬁciently manage and secure IT to drive sustained business success. Kaseya has achieved sustained, strong double-digit growth over the past several years and is backed by Insight Venture Partners (<a href=\"http://www.insightpartners.com/\">www.insightpartners.com</a>) and TPG (<a href=\"http://www.tpg.com/\">www.tpg.com</a>), two of the leading global private equity ﬁrms investing in high-growth technology and software companies that drive transformative change in the industries they serve.</p>\n<p>Founded in 2000, Kaseya currently serves customers in over 20 countries across a wide variety of industries and manages over 10 million endpoints worldwide. To learn more about our company and our award-winning <a href=\"https://www.youtube.com/watch?v=Gn1_i29006s\">solutions, go to www.Kaseya.com and for more information on Kaseya&rsquo;s culture, please click here: Kaseya Culture.</a></p>\n<p>Kaseya closed on the acquisition of Datto, Inc., on June 23, 2022. Learn more about the acquisition, <a href=\"https://www.kaseya.com/datto-acquisition-faqs/\">here.</a></p>\n<p>&nbsp;</p>\n<p><strong>Job Description</strong></p>\n<p>Kaseya is looking for an ambitious Treasury Manager who is process driven, thrives working in a fast paced, fun, in-office work environment with significant exposure to employees, managers and even leaders in different departments. You should be detail and people oriented, with the goal of excelling quickly in your career at a company that is growing significantly. This role will support the overall billing functions and report into the Vice President of Finance in the beautiful Brickell, Miami offices. The ideal candidate will be a self-starter who is comfortable working both independently and as a part of a team and has a desire to work cross-functionally to support various treasury initiatives.</p>\n<p>&nbsp;</p>\n<p><strong>Job Responsibilities</strong><strong>&nbsp;</strong></p>\n<ul>\n<li>Responsible for the successful development and implementation of domestic and international cash and liquidity management strategies&nbsp;</li>\n<li>Manage daily cash desk including the monthly and quarterly cash forecasting processes&nbsp;</li>\n<li>Set targets for Collections and Payables teams to enable maximum geographic liquidity and attainment of cash goals&nbsp;</li>\n<li>Lead a team of analysts to achieve company initiatives</li>\n<li>Lead repatriation efforts to service US debt facilities&nbsp;&nbsp;</li>\n<li>Advises on corporate finance topics such as capital injection in subsidiaries, cost of capital, and intercompany loan agreements and dividend policies.&nbsp;</li>\n<li>Enforce best practice controls environment and bank fraud prevention techniques&nbsp;</li>\n<li>Provides recommendations on optimal financing for M&amp;A and supports the integration of treasury activities for acquired businesses</li>\n<li>Manages ad hoc requests such as corporate credit card program administration, BOD presentation material, bank account rationalization and optimization, etc</li>\n<li>Develops and strengthens relationships with external financial institutions to ensure that the corporation receives the most favorable terms for services; explores expense reduction and revenue opportunities where applicable</li>\n</ul>\n<p><strong>Education &amp; Experience</strong></p>\n<ul>\n<li>7+ years work experience in treasury operations including cash management, international banking, corporate credit card programs and syndicated bank credit facilities.; with interest rate risk management and foreign exchange strategy a plus.&nbsp;&nbsp;&nbsp;</li>\n<li>Bachelor&rsquo;s degree in Finance, Accounting, Economics, or related field; or related experience. CTP, CFA, and/or MBA preferred&nbsp;</li>\n<li>Excellent organizational, analytical, interpersonal communication, and people skills&nbsp;</li>\n</ul>\n<p><br>This role offers a competitive base salary. Other beneﬁts of working at Kaseya &nbsp;include:</p>\n<ul>\n<li>Full Health Beneﬁts (portion paid by company)</li>\n<li>Flexible Paid Time Off Policy (PTO)</li>\n<li>Paid parking, transportation stipend &amp; gym access, Casual attire every day</li>\n<li>Life insurance 401K</li>\n<li>Frequent events, including Happy Hours, sports leagues and parties!</li>\n</ul>\n<p><strong>Additional information</strong></p>\n<p><em>&nbsp;</em><em>Kaseya provides equal employment opportunity to all employees and applicants without regard to race, religion, age, ancestry, gender, sex, sexual orientation, national origin, citizenship status, physical or mental disability, veteran status, marital status, or any other characteristic protected by applicable law.</em></p>",
        "internal_content": null,
        "updated_at": "2025-11-21T19:02:23.062Z",
        "created_at": "2025-11-19T19:50:22.407Z",
        "demographic_question_set_id": null,
        "questions": [
            {
                "required": true,
                "private": false,
                "label": "First Name",
                "name": "first_name",
                "type": "short_text",
                "values": [],
                "description": null
            },
            {
                "required": true,
                "private": false,
                "label": "Last Name",
                "name": "last_name",
                "type": "short_text",
                "values": [],
                "description": null
            },
            {
                "required": true,
                "private": false,
                "label": "Email",
                "name": "email",
                "type": "short_text",
                "values": [],
                "description": null
            },
            {
                "required": true,
                "private": false,
                "label": "Phone",
                "name": "phone",
                "type": "short_text",
                "values": [],
                "description": null
            },
            {
                "required": true,
                "private": false,
                "label": "Resume",
                "name": "resume",
                "type": "attachment",
                "values": [],
                "description": null
            },
            {
                "required": false,
                "private": false,
                "label": "Cover Letter",
                "name": "cover_letter",
                "type": "attachment",
                "values": [],
                "description": null
            },
            {
                "required": true,
                "private": false,
                "label": "Will you now or in the future require sponsorship to work in the US?",
                "name": "question_14663784004",
                "type": "boolean",
                "values": [
                    {
                        "value": 0,
                        "label": "No"
                    },
                    {
                        "value": 1,
                        "label": "Yes"
                    }
                ],
                "description": null
            },
            {
                "required": true,
                "private": false,
                "label": "Do you currently live in Miami, FL?",
                "name": "question_14663785004",
                "type": "boolean",
                "values": [
                    {
                        "value": 0,
                        "label": "No"
                    },
                    {
                        "value": 1,
                        "label": "Yes"
                    }
                ],
                "description": null
            },
            {
                "required": true,
                "private": false,
                "label": "Are you willing to relocate to Miami, FL?",
                "name": "question_14663786004",
                "type": "boolean",
                "values": [
                    {
                        "value": 0,
                        "label": "No"
                    },
                    {
                        "value": 1,
                        "label": "Yes"
                    }
                ],
                "description": null
            },
            {
                "required": true,
                "private": false,
                "label": "What are your current compensation requirements?",
                "name": "question_14663787004",
                "type": "short_text",
                "values": [],
                "description": null
            },
            {
                "required": null,
                "private": false,
                "label": "LinkedIn Profile",
                "name": "question_14663788004",
                "type": "short_text",
                "values": [],
                "description": null
            }
        ]
    }
]