{
    "description": "",
    "routerFlow": "main",
    "variables": {
      "messageToast": {
        "type": "string"
      },
      "messagesBannerADP": {
        "type": "vb/ArrayDataProvider2",
        "defaultValue": {
          "itemType": "MessagesBannerType",
          "keyAttributes": "id"
        }
      },
      "messageId": {
        "type": "number",
        "defaultValue": 1
      }
    },
    "metadata": {},
    "types": {
      "MessagesBannerType": {
        "id": "number",
        "messageType": "string",
        "primaryText": "string",
        "primaryActionLabel": "string",
        "secondaryText": "any",
        "secondaryActionLabel": "string"
      }
    },
    "eventListeners": {
    "application:spShowToast": {
      "chains": [
        {
          "parameters": {
            "event": "{{ $event }}"
          },
          "chain": "showMessageToast"
        }
      ]
    },
    "hyperlinkClick": {
      "chains": [
        {
          "chain": "HyperlinkClickChain"
        }
      ]
    },
    "hyperlinkClick2": {
      "chains": [
        {
          "chain": "saas_menu_open"
        }
      ]
    },
    "hyperlinkClick3": {
      "chains": [
        {
          "chain": "saassubmenuopen"
        }
      ]
    },
    "hyperlinkClick4": {
      "chains": [
        {
          "chain": "HyperlinkClickChain1"
        }
      ]
    },
    "li1845710292Click": {
      "chains": [
        {
          "chain": "liClickChain"
        }
      ]
    },
    "li1845710293Click": {
      "chains": [
        {
          "chain": "liClickChain1"
        }
      ]
    },
    "liClick": {
      "chains": [
        {
          "chain": "liClickChain2"
        }
      ]
    },
    "liClick2": {
      "chains": [
        {
          "chain": "liClickChain3"
        }
      ]
    },
    "liClick3": {
      "chains": [
        {
          "chain": "essjoblisting"
        }
      ]
    },
    "liClick4": {
      "chains": [
        {
          "chain": "essdashboard"
        }
      ]
    },
    "liClick5": {
      "chains": [
        {
          "chain": "biccdashboard"
        }
      ]
    },
    "liClick6": {
      "chains": [
        {
          "chain": "liClickChain4"
        }
      ]
    },
    "messagesBannerSpClose": {
      "chains": [
        {
          "parameters": {
            "event": "{{ $event }}"
          },
          "chain": "closeMessageBanner"
        }
      ]
    },
    "submenu2Click": {
      "chains": [
        {
          "chain": "ulClickChain"
        }
      ]
    },
    "vbEnter": {
      "chains": [
      ]
    },
    "vbNotification": {
      "chains": [
        {
          "parameters": {
            "event": "{{ $event }}"
          },
          "chain": "showNotificationMessage"
        }
      ]
    }

    },
    "imports": {
    "components": {
      "oj-dialog": {
        "path": "ojs/ojdialog"
      },
      "oj-navigation-list": {
        "path": "ojs/ojnavigationlist"
      },
      "oj-progress-circle": {
        "path": "ojs/ojprogress-circle"
      },
      "oj-sp-messages-banner": {
        "path": "oj-sp/messages-banner/loader"
      },
      "oj-sp-messages-toast": {
        "path": "oj-sp/messages-toast/loader"
      }

    }
    },
    "translations": {}
  }