{
    "fields": [
        {
            "type": "number",
            "name": "statusId",
            "key": true,
            "oid": "b7f89df4-fa2a-43ca-8030-b53e6e49d343",
            "columnName": "STATUS_ID",
            "updatable": false,
            "required": true,
            "unique": true,
            "indexed": true,
            "displayLabel": "Status Id"
        },
        {
            "type": "string",
            "name": "statusName",
            "oid": "4c09c1db-688d-4b2c-95fd-4b5d5a18a65c",
            "columnName": "STATUS_NAME",
            "updatable": true,
            "displayLabel": "Status Name",
            "maxLength": 256
        },
{
            "type": "string",
            "name": "ghStatusName",
            "oid": "6d8fd5b6-e221-4f1b-94ee-69c7da06cbb1",
            "columnName": "GH_STATUS_NAME",
            "updatable": true,
            "displayLabel": "Gh Status Name",
            "maxLength": 256
        },
        {
            "type": "string",
            "name": "createdBy",
            "oid": "50cd4abc-a7d9-40a2-9060-8416e0d73b44",
            "columnName": "CREATED_BY",
            "displayLabel": "Created By",
            "historyType": "createdBy"
        }        ,
        {
            "type": "datetime",
            "name": "createdDate",
            "oid": "31c4194a-2436-451c-b9c6-870af24f6aef",
            "columnName": "CREATED_DATE",
            "displayLabel": "Created Date",
            "historyType": "timeCreated"
        }        ,
        {
            "type": "datetime",
            "name": "lastUpdateDate",
            "oid": "013816e5-083f-4c8e-9c16-2d05433235a9",
            "columnName": "LAST_UPDATE_DATE",
            "displayLabel": "Last Update Date",
            "historyType": "timeUpdated"
        }        ,
        {
            "type": "string",
            "name": "lastUpdatedBy",
            "oid": "0041632c-4ccd-4623-9f64-a06052c54dea",
            "columnName": "LAST_UPDATED_BY",
            "displayLabel": "Last Updated By",
            "historyType": "updatedBy"
        }
    ],
    "name": "XxreqJobReqStatuses",
    "oid": "0602c558-a6f8-44f1-84ba-f0ebb1984843",
    "relationships": [
        {
            "name": "xxreqJobReqRequestsCollection",
            "reverseRelationship": "statusIdObject",
            "targetEntity": "XxreqJobReqRequests",
            "type": "incoming",
            "displayField": "statusName"
        }
    ],
    "displayLabel": "Xxreq Job Req Statuses",
    "tableName": "XXREQ_JOB_REQ_STATUSES"
}