{
    "fields": [
        {
            "type": "string",
            "name": "track",
            "oid": "c91d1d62-ce02-4dfc-aa00-ebcba024bb67",
            "columnName": "TRACK",
            "updatable": true,
            "displayLabel": "Track",
            "maxLength": 3
        },
        {
            "type": "string",
            "name": "integrationName",
            "oid": "9775b667-3eaf-4f9f-be10-68e717c574f4",
            "columnName": "INTEGRATION_NAME",
            "updatable": true,
            "displayLabel": "Integration Name",
            "maxLength": 1000
        },
        {
            "type": "string",
            "name": "status",
            "oid": "f35136e9-e546-456e-8581-89453b4ec835",
            "columnName": "STATUS",
            "updatable": true,
            "displayLabel": "Status",
            "maxLength": 200
        },
        {
            "type": "string",
            "name": "errorCode",
            "oid": "d392a419-9856-4360-a6d7-c2caf2cae4d3",
            "columnName": "ERROR_CODE",
            "updatable": true,
            "displayLabel": "Error Code",
            "maxLength": 4000
        },
        {
            "type": "string",
            "name": "errorSummary",
            "oid": "0835709d-a541-4f9d-9c96-cb2ee8593747",
            "columnName": "ERROR_SUMMARY",
            "updatable": true,
            "displayLabel": "Error Summary",
            "maxLength": 4000
        },
        {
            "type": "string",
            "name": "businessIndetifierKey",
            "oid": "b773ccb5-37c2-4eee-9991-78d67ed09707",
            "columnName": "BUSINESS_INDETIFIER_KEY",
            "updatable": true,
            "displayLabel": "Business Indetifier Key",
            "maxLength": 1000
        },
        {
            "type": "string",
            "name": "businessIndetifierValue",
            "oid": "3e25884e-d331-4ea3-9dc2-1583a758a173",
            "columnName": "BUSINESS_INDETIFIER_VALUE",
            "updatable": true,
            "displayLabel": "Business Indetifier Value",
            "maxLength": 4000
        },
        {
            "type": "string",
            "name": "processStartTime",
            "oid": "445d2752-12f7-40a8-a6c7-5b698b32fb84",
            "columnName": "PROCESS_START_TIME",
            "updatable": true,
            "displayLabel": "Process Start Time",
            "maxLength": 200
        },
        {
            "type": "string",
            "name": "processEndTime",
            "oid": "7bc0fed3-1cb0-4b59-a862-c9be6fd56250",
            "columnName": "PROCESS_END_TIME",
            "updatable": true,
            "displayLabel": "Process End Time"
        },
        {
            "type": "string",
            "name": "interfaceRiceName",
            "oid": "e9e8869b-3f4d-416b-86e9-fa536643af8b",
            "columnName": "INTERFACE_RICE_NAME",
            "updatable": true,
            "required": true,
            "displayLabel": "Interface Rice Name",
            "maxLength": 1000
        },
        {
            "type": "string",
            "name": "integrationVersion",
            "oid": "ef6be62f-b508-45ff-bd3e-bdcfeeb942c7",
            "columnName": "INTEGRATION_VERSION",
            "updatable": true,
            "displayLabel": "Integration Version",
            "maxLength": 200
        },
        {
            "type": "datetime",
            "name": "creationDate",
            "oid": "54114fa2-ce38-4e02-a2ac-42912d381384",
            "columnName": "CREATION_DATE",
            "updatable": true,
            "displayLabel": "Creation Date"
        },
        {
            "type": "string",
            "name": "createdBy",
            "oid": "45f8f537-4c00-4a95-8ad0-fde7e0805802",
            "columnName": "CREATED_BY",
            "updatable": true,
            "displayLabel": "Created By",
            "maxLength": 200
        },
        {
            "type": "string",
            "name": "lastUpdatedBy",
            "oid": "35ceeaa1-3cab-4c03-8da2-cd84985d924b",
            "columnName": "LAST_UPDATED_BY",
            "updatable": true,
            "displayLabel": "Last Updated By",
            "maxLength": 200
        },
        {
            "type": "datetime",
            "name": "lastUpdateDate",
            "oid": "b1c8a097-7fe0-489c-ba0c-8716038a8188",
            "columnName": "LAST_UPDATE_DATE",
            "updatable": true,
            "displayLabel": "Last Update Date"
        },
        {
            "type": "string",
            "name": "invokedBy",
            "oid": "9afd6853-114d-4653-8474-0662b02bf1e9",
            "columnName": "INVOKED_BY",
            "updatable": true,
            "displayLabel": "Invoked By",
            "maxLength": 1000
        },
        {
            "type": "number",
            "name": "ID",
            "key": true,
            "oid": "619ce2ba-fd1c-442d-a04b-4807efe9e5d2",
            "columnName": "ID",
            "updatable": false,
            "required": true,
            "unique": true,
            "displayLabel": "Id"
        },
        {
            "type": "string",
            "name": "currentProcessId",
            "oid": "d51250bf-01ca-4b6d-9667-7059cfef68dc",
            "columnName": "CURRENT_PROCESS_ID",
            "updatable": true,
            "required": true,
            "displayLabel": "Current Process Id",
            "maxLength": 200
        }
    ],
    "name": "XxoodOicAuditlogsV",
    "oid": "52697885-00a7-498f-abb6-417f11b09ef9",
    "displayLabel": "Xxood Oic Auditlogs V",
    "tableName": "XXOOD_OIC_AUDITLOGS_V"
}