{
    "openapi": "3.0.0",
    "info": {
        "title": "GreenhouseBackEnd",
        "version": "1.0.0"
    },
    "servers": [
        {
            "url": "vb-catalog://backends/GreenhouseBackEnd",
            "description": "GreenhouseBackEnd"
        }
    ],
    "paths": {
        "/jobs/{jobId}/hiring_team": {
            "parameters": [
                {
                    "name": "jobId",
                    "in": "path",
                    "required": true,
                    "schema": {
                        "type": "string"
                    },
                    "x-vb": {}
                }
            ],
            "post": {
                "operationId": "post_job_hiring_team",
                "parameters": [
                    {
                        "name": "on-behalf-of",
                        "in": "header",
                        "schema": {
                            "type": "number"
                        },
                        "x-vb": {}
                    }
                ],
                "requestBody": {
                    "content": {
                        "application/json": {
                            "schema": {
                                "$ref": "#/components/schemas/PostJobsJobIdHiring_teamRequest"
                            },
                            "examples": {
                                "vb": {
                                    "externalValue": "./examples/post_job_hiring_team/request_application_json_vb.json"
                                }
                            }
                        }
                    }
                },
                "responses": {
                    "default": {
                        "description": "Default response",
                        "content": {
                            "application/json": {
                                "schema": {
                                    "$ref": "#/components/schemas/PostJobsJobIdHiring_teamResponse"
                                },
                                "examples": {
                                    "vb": {
                                        "externalValue": "./examples/post_job_hiring_team/response_default_application_json_vb.json"
                                    }
                                }
                            }
                        }
                    }
                },
                "x-vb": {
                    "actionHint": "create"
                }
            }
        }
    },
    "components": {
        "schemas": {
            "PostJobsJobIdHiring_teamRequest": {
                "type": "object",
                "properties": {
                    "hiring_managers": {
                        "type": "array",
                        "items": {
                            "type": "object",
                            "properties": {
                                "user_id": {
                                    "type": "string"
                                }
                            }
                        }
                    }
                }
            },
            "PostJobsJobIdHiring_teamResponse": {
                "type": "object",
                "properties": {
                    "success": {
                        "type": "boolean"
                    }
                }
            }
        }
    }
}