{
    "openapi": "3.0.0",
    "info": {
        "version": "11.13.18.05",
        "title": "Human Capital Management",
        "x-vb": {
            "serviceType": "adf-describe",
            "transforms": {
                "path": "vb/BusinessObjectsTransforms"
            }
        }
    },
    "servers": [
        {
            "url": "vb-catalog://backends/hcmRestApi/11.13.18.05"
        }
    ],
    "tags": [
        {
            "name": "publicWorkers"
        }
    ],
    "paths": {
        "/publicWorkers": {
            "get": {
                "tags": [
                    "publicWorkers"
                ],
                "summary": "Get all",
                "operationId": "getall_publicWorkers",
                "parameters": [
                    {
                        "$ref": "#/components/parameters/expand"
                    },
                    {
                        "$ref": "#/components/parameters/fields"
                    },
                    {
                        "$ref": "#/components/parameters/onlyData"
                    },
                    {
                        "$ref": "#/components/parameters/links"
                    },
                    {
                        "$ref": "#/components/parameters/limit"
                    },
                    {
                        "$ref": "#/components/parameters/offset"
                    },
                    {
                        "$ref": "#/components/parameters/totalResults"
                    },
                    {
                        "$ref": "#/components/parameters/q"
                    },
                    {
                        "$ref": "#/components/parameters/orderBy"
                    },
                    {
                        "$ref": "vb-catalog://backends/hcmRestApi/11.13.18.05/describe?partialDescriptionForCatalogOpenAPI=publicWorkers#/components/parameters/publicWorkers-finder"
                    },
                    {
                        "$ref": "#/components/parameters/REST-Framework-Version"
                    },
                    {
                        "$ref": "#/components/parameters/Metadata-Context"
                    }
                ],
                "responses": {
                    "default": {
                        "$ref": "vb-catalog://backends/hcmRestApi/11.13.18.05/describe?partialDescriptionForCatalogOpenAPI=publicWorkers#/components/responses/publicWorkers-collection-response"
                    }
                }
            }
        }
    },
    "components": {
        "parameters": {
            "expand": {
                "name": "expand",
                "in": "query",
                "schema": {
                    "type": "string"
                }
            },
            "fields": {
                "name": "fields",
                "in": "query",
                "schema": {
                    "type": "string"
                }
            },
            "onlyData": {
                "name": "onlyData",
                "in": "query",
                "schema": {
                    "type": "boolean"
                }
            },
            "links": {
                "name": "links",
                "in": "query",
                "schema": {
                    "type": "string"
                }
            },
            "limit": {
                "name": "limit",
                "in": "query",
                "schema": {
                    "type": "integer"
                }
            },
            "offset": {
                "name": "offset",
                "in": "query",
                "schema": {
                    "type": "integer"
                }
            },
            "totalResults": {
                "name": "totalResults",
                "in": "query",
                "schema": {
                    "type": "boolean"
                }
            },
            "q": {
                "name": "q",
                "in": "query",
                "schema": {
                    "type": "string"
                }
            },
            "orderBy": {
                "name": "orderBy",
                "in": "query",
                "schema": {
                    "type": "string"
                }
            },
            "REST-Framework-Version": {
                "name": "REST-Framework-Version",
                "in": "header",
                "schema": {
                    "type": "string",
                    "enum": [
                        "1",
                        "2",
                        "3",
                        "4",
                        "5",
                        "6",
                        "7",
                        "8",
                        "9"
                    ]
                }
            },
            "Metadata-Context": {
                "name": "Metadata-Context",
                "in": "header",
                "schema": {
                    "type": "string"
                }
            }
        }
    }
}