{
    "items": [
        {
            "xxood_xxi021_job_summary_pkg.ess_summary_fnc(:1,:2)": "tcnt-0:scnt-0:ccnt-0:ecnt-0:wcnt-0:fcnt-0:wrcnt-0"
        }
    ],
    "hasMore": false,
    "limit": 25,
    "offset": 0,
    "count": 1,
    "links": [
        {
            "rel": "self",
            "href": "https://gf95aa5e3ff3398-ksydev1atp.adb.us-ashburn-1.oraclecloudapps.com/ords/xxood/db/getSummary"
        },
        {
            "rel": "describedby",
            "href": "https://gf95aa5e3ff3398-ksydev1atp.adb.us-ashburn-1.oraclecloudapps.com/ords/xxood/metadata-catalog/db/item"
        },
        {
            "rel": "first",
            "href": "https://gf95aa5e3ff3398-ksydev1atp.adb.us-ashburn-1.oraclecloudapps.com/ords/xxood/db/getSummary"
        }
    ]
}