{
  "title": "OIC - Audit Logs",
  "description": "",
  "variables": {
    "errorsummary": {
      "type": "string"
    },
    "filters": {
      "type": "filter[]",
      "defaultValue": [
        {
          "op": "$sw",
          "attribute": "currentProcessId",
          "value": ""
        },
        {
          "op": "$eq",
          "attribute": "status",
          "value": null
        },
        {
          "op": "$eq",
          "attribute": "track",
          "value": null
        },
        {
          "op": "$eq",
          "attribute": "integrationName",
          "value": null
        },
        {
          "op": "$sw",
          "attribute": "invokedBy",
          "value": null
        },
        {
          "op": "$ge",
          "attribute": "lastUpdateDate",
          "value": null
        },
{
          "op": "$le",
          "attribute": "lastUpdateDate",
          "value": null
        }
      ]
    },
    "formintegrationname": {
      "type": "string"
    },
    "forminvokedby": {
      "type": "string"
    },
    "formprocessid": {
      "type": "string"
    },
    "formstatus": {
      "type": "string"
    },
    "formtrack": {
      "type": "string"
    },
    "xxoodOicAuditlogsVListSDP": {
      "type": "vb/ServiceDataProvider",
      "defaultValue": {
        "endpoint": "businessObjects/getall_XxoodOicAuditlogsV",
        "keyAttributes": "ID",
        "itemsPath": "items",
        "responseType": "getallXxoodOicAuditlogsVResponse4",
        "filterCriterion": {
          "op": "$and",
          "criteria": "[[$functions.mapToCriteria($variables.filters)]]"        },
        "sortCriteria": [
          {
            "attribute": "lastUpdateDate",
            "direction": "dsc"
          }
        ]
      }
    }

  },
  "metadata": {},
  "types": {
    "@decorators.get_AllXxoodData": {
      "endpoint": "get_XxoodOicAuditlogsV",
      "service": "businessObjects",
      "path": "response"
    },
    "@decorators.getallXxoodOicAuditlogsVResponse4": {
      "endpoint": "getall_XxoodOicAuditlogsV",
      "service": "businessObjects",
      "path": "response"
    },
    "filter": "object",
    "get_AllXxoodData": {
      "businessIndetifierKey": "string",
      "businessIndetifierValue": "string",
      "createdBy": "string",
      "creationDate": "string",
      "currentProcessId": "string",
      "errorCode": "string",
      "errorSummary": "string",
      "ID": "number",
      "integrationName": "string",
      "integrationVersion": "string",
      "interfaceRiceName": "string",
      "invokedBy": "string",
      "processEndTime": "string",
      "processStartTime": "string",
      "status": "string",
      "track": "string"
    },
    "getallXxoodOicAuditlogsVResponse4": {
      "items": [
        {
          "businessIndetifierKey": "string",
          "businessIndetifierValue": "string",
          "currentProcessId": "string",
          "errorCode": "string",
          "errorSummary": "string",
          "ID": "number",
          "integrationName": "string",
          "integrationVersion": "string",
          "interfaceRiceName": "string",
          "invokedBy": "string",
          "lastUpdateDate": "string",
          "status": "string",
          "track": "string"

        }
      ]
    }

  },
  "eventListeners": {
    "buttonAction": {
      "chains": [
        {
          "chain": "formfilterbutton"
        }
      ]
    },
    "buttonAction2": {
      "chains": [
        {
          "chain": "ResetForm"
        }
      ]
    },
    "daterangeValue": {
      "chains": [
        {
          "chain": "ComboValueChangeChain",
          "parameters": {
            "value": "{{ $event.detail.value }}"
          }
        }
      ]
    },
    "iconClick": {
      "chains": [
        {
          "chain": "IconClickChain"
        }
      ]
    },
    "okButtonAction": {
      "chains": [
        {
          "chain": "closeerrorsummary"
        }
      ]
    },
    "paragraphClick": {
      "chains": [
        {
          "chain": "ParagraphClickChain",
          "parameters": {
            "key": "{{ $current.key }}",
            "index": "{{ $current.index }}",
            "current": "{{ $current }}"
          }
        }
      ]
    },
    "vbEnter": {
      "chains": [
        {
          "parameters": {},
          "chain": "vbEnterListener"
        }
      ]
    }

  },
  "imports": {
    "components": {
      "oj-button": {
        "path": "ojs/ojbutton"
      },
      "oj-combobox-one": {
        "path": "ojs/ojselectcombobox"
      },
      "oj-date-picker": {
        "path": "ojs/ojdatetimepicker"
      },
      "oj-dialog": {
        "path": "ojs/ojdialog"
      },
      "oj-form-layout": {
        "path": "ojs/ojformlayout"
      },
      "oj-input-date": {
        "path": "ojs/ojdatetimepicker"
      },
      "oj-input-date-time": {
        "path": "ojs/ojdatetimepicker"
      },
      "oj-input-number": {
        "path": "ojs/ojinputnumber"
      },
      "oj-input-text": {
        "path": "ojs/ojinputtext"
      },
      "oj-label": {
        "path": "ojs/ojlabel"
      },
      "oj-option": {
        "path": "ojs/ojoption"
      },
      "oj-select-many": {
        "path": "ojs/ojselectcombobox"
      },
      "oj-select-single": {
        "path": "ojs/ojselectsingle"
      },
      "oj-sp-messages-toast": {
        "path": "oj-sp/messages-toast/loader"
      },
      "oj-sp-smart-select-single": {
        "path": "oj-sp/smart-select-single/loader"
      },
      "oj-table": {
        "path": "ojs/ojtable"
      },
      "oj-text-area": {
        "path": "ojs/ojinputtext"
      }

    },
    "modules": {
      "ojValidationDateTime": {
        "path": "ojs/ojvalidation-datetime"
      }
    }
  }
}
