{
  "title": "BICC Jobs - Audit Logs",
  "description": "",
  "variables": {

    "BiccAuditLogs": {
      "type": "vb/ServiceDataProvider",
      "defaultValue": {
        "endpoint": "businessObjects/getall_EssBiccDetailTable",
        "responseType": "getall_EssBiccDetailTable",
        "itemsPath": "items",
        "filterCriterion": {
          "op": "$and",
          "criteria": "[[$functions.mapToCriteria($variables.filters)]]"
        },
        "sortCriteria": [
          {
            "attribute": "lastUpdateDate",
            "direction": "dsc"
          }
        ]
      }
    },
    "BICCSummayUpdate": {
      "type": {
        "lastSuccessRun": "string",
        "triggerType": "string"
      },
      "defaultValue": {
        "triggerType": "Detail",
        "lastSuccessRun": "08/09/2025"
      }
    },
    "filters": {
      "type": "filter[]",
      "defaultValue": [
        {
          "op": "$sw",
          "attribute": "requestId",
          "value": ""
        },
        {
          "op": "$eq",
          "attribute": "status",
          "value": null
        },
        {
          "op": "$eq",
          "attribute": "name",
          "value": null
        },
        {
          "op": "$ge",
          "attribute": "lastUpdateDate",
          "value": null
        },
        {
          "op": "$le",
          "attribute": "lastUpdateDate",
          "value": null
        },
        {
          "op": "$eq",
          "attribute": "jobType",
          "value": "BICC"
        }
      ]
    },
    "name": {
      "type": "string"
    },
    "requestid": {
      "type": "string"
    }

  },
  "metadata": {},
  "types": {
    "@decorators.getall_BiccAuditLogs": {
      "endpoint": "getall_BiccAuditLogs",
      "service": "businessObjects",
      "path": "response"
    },
    "@decorators.getall_EssBiccDetailTable": {
      "endpoint": "getall_EssBiccDetailTable",
      "service": "businessObjects",
      "path": "response"
    },
    "filter": "object",
    "getall_BiccAuditLogs": {
      "count": "number",
      "hasMore": "boolean",
      "items": [
        {
          "creationDate": "string",
          "jobCreatedBy": "string",
          "jobType": "string",
          "lastUpdateDate": "string",
          "lastUpdatedBy": "string",
          "links": [
            {
              "href": "string",
              "kind": "string",
              "name": "string",
              "properties": {
                "changeIndicator": "string"
              },
              "rel": "string"
            }
          ],
          "name": "string",
          "parentjobid": "number",
          "processEnd": "string",
          "processStart": "string",
          "requestId": "string",
          "status": "string",
          "ucmDocumentId": "number"
        }
      ],
      "limit": "number",
      "links": [
        {
          "href": "string",
          "kind": "string",
          "name": "string",
          "properties": {
            "changeIndicator": "string"
          },
          "rel": "string"
        }
      ],
      "offset": "number",
      "totalResults": "number"
    },
    "getall_EssBiccDetailTable": {
      "count": "number",
      "hasMore": "boolean",
      "items": [
        {
          "createdBy": "string",
          "creationDate": "string",
          "jobCreatedBy": "string",
          "jobType": "string",
          "lastUpdateDate": "string",
          "lastUpdatedBy": "string",
          "links": [
            {
              "href": "string",
              "kind": "string",
              "name": "string",
              "properties": {
                "changeIndicator": "string"
              },
              "rel": "string"
            }
          ],
          "name": "string",
          "parentjobid": "number",
          "processEnd": "string",
          "processStart": "string",
          "requestId": "string",
          "status": "string",
          "ucmDocumentId": "number"
        }
      ],
      "limit": "number",
      "links": [
        {
          "href": "string",
          "kind": "string",
          "name": "string",
          "properties": {
            "changeIndicator": "string"
          },
          "rel": "string"
        }
      ],
      "offset": "number",
      "totalResults": "number"
    }
  },
  "eventListeners": {
    "buttonAction": {
      "chains": [
        {
          "chain": "formfilterbutton"
        }
      ]
    },
    "buttonAction2": {
      "chains": [
        {
          "chain": "ButtonActionChain"
        }
      ]
    },
    "vbEnter": {
      "chains": [
        {
          "parameters": {},
          "chain": "vbEnterListener"
        }
      ]
    }

  },
  "imports": {
    "components": {
      "oj-button": {
        "path": "ojs/ojbutton"
      },
      "oj-combobox-one": {
        "path": "ojs/ojselectcombobox"
      },
      "oj-form-layout": {
        "path": "ojs/ojformlayout"
      },
      "oj-input-date": {
        "path": "ojs/ojdatetimepicker"
      },
      "oj-input-date-time": {
        "path": "ojs/ojdatetimepicker"
      },
      "oj-input-text": {
        "path": "ojs/ojinputtext"
      },
      "oj-label": {
        "path": "ojs/ojlabel"
      },
      "oj-option": {
        "path": "ojs/ojoption"
      },
      "oj-table": {
        "path": "ojs/ojtable"
      }

    },
    "modules": {
      "ojValidationDateTime": {
        "path": "ojs/ojvalidation-datetime"
      }
    }
  }
}