{
  "title": "SaaS",
  "description": "",
  "variables": {},
  "metadata": {},
  "types": {},
  "eventListeners": {
    "cardAction": {
      "chains": [
        {
          "chain": "navigatetoEss"
        }
      ]
    },
    "cardAction2": {
      "chains": [
        {
          "chain": "CardActionChain"
        }
      ]
    },
    "divClick": {
      "chains": [
        {
          "chain": "divClickChain"
        }
      ]
    },
    "liClick": {
      "chains": [
        {
          "chain": "liClickChain"
        }
      ]
    }

  },
  "imports": {
    "components": {
      "oj-action-card": {
        "path": "ojs/ojactioncard"
      },
      "oj-form-layout": {
        "path": "ojs/ojformlayout"
      },
      "oj-sp-card": {
        "path": "oj-sp/card/loader"
      }

    }
  }
}
