{
    "openapi": "3.0.0",
    "info": {
        "title": "GreenhouseBackEnd",
        "version": "1.0.0"
    },
    "servers": [
        {
            "url": "vb-catalog://backends/GreenhouseBackEnd",
            "description": "GreenhouseBackEnd"
        }
    ],
    "paths": {
        "/users/{userId}/permissions/jobs": {
            "parameters": [
                {
                    "name": "userId",
                    "in": "path",
                    "required": true,
                    "schema": {
                        "type": "string"
                    }
                }
            ],
            "put": {
                "operationId": "put",
                "parameters": [
                    {
                        "name": "on-behalf-of",
                        "in": "header",
                        "schema": {
                            "type": "string"
                        }
                    }
                ],
                "requestBody": {
                    "content": {
                        "application/json": {
                            "schema": {
                                "$ref": "#/components/schemas/PutUsersUserIdPermissionsJobsRequest"
                            },
                            "examples": {
                                "vb": {
                                    "externalValue": "./examples/put/request_application_json_vb.json"
                                }
                            }
                        }
                    }
                },
                "responses": {
                    "default": {
                        "description": "Default response",
                        "content": {
                            "application/json": {
                                "schema": {
                                    "$ref": "#/components/schemas/PutUsersUserIdPermissionsJobsResponse"
                                },
                                "examples": {
                                    "vb": {
                                        "externalValue": "./examples/put/response_default_application_json_vb.json"
                                    }
                                }
                            }
                        }
                    }
                },
                "x-vb": {
                    "actionHint": "update"
                }
            }
        }
    },
    "components": {
        "schemas": {
            "PutUsersUserIdPermissionsJobsRequest": {
                "type": "object",
                "properties": {
                    "job_id": {
                        "type": "string"
                    },
                    "user_role_id": {
                        "type": "string"
                    }
                }
            },
            "PutUsersUserIdPermissionsJobsResponse": {
                "type": "object",
                "properties": {
                    "id": {
                        "type": "integer"
                    },
                    "job_id": {
                        "type": "integer"
                    },
                    "user_role_id": {
                        "type": "integer"
                    }
                }
            }
        }
    }
}