{
    "fieldValidators": [],
    "objectFunctions": [
        {
            "active": "inactive",
            "functionName": "test",
            "lastUpdate": "2025-08-15T16:46:28",
            "oid": "9da1f82a-33a1-4201-8637-e6882e95a71e",
            "returnType": "void",
            "scriptMimeType": "application/x-adf-groovy",
            "visibility": [
                "default"
            ]
        }
      ],
    "objectValidators": [],
    "triggers": [
      ],
    "fieldTriggers": [
        {
            "active": "active",
            "displayName": "SubmitMessageChanged",
            "lastUpdate": "2025-10-27T14:05:30",
            "oid": "706a027b-623a-46b8-bfa3-40c3df68d314",
            "onField": "submitMessage",
            "scriptMimeType": "application/x-adf-groovy",
            "workflow": {
                "nodeType": "criterion",
                "type": "condition",
                "displayName": "Execute Conditionally",
                "outcomes": {
                    "false": {
                        "nodeType": "terminus",
                        "type": "end",
                        "for": "trigger"
                    },
                    "true": {
                        "nodeType": "actionGroup",
                        "displayName": "Action Group",
                        "after": {
                            "nodeType": "terminus",
                            "type": "end",
                            "for": "criteria"
                        },
                        "methodDefinition": {
                            "typeId": "emailNotification",
                            "archetypeId": "WorkflowPage__XxreqJobReqRequestsDetailArchetype",
                            "vars": {
                                "to": "{\"expressionValue\":\"=lastUpdatedBy\",\"inputMode\":\"expression\"}",
                                "templateId": "SubmitTemplate",
                                "templateValues": "[{\"expressionValue\":\"=ghRequisitionName\",\"referenceValue\":\"ghRequisitionName\",\"inputMode\":\"reference\",\"parameter\":\"ReqId\"},{\"expressionValue\":\"=statusIdObject.statusName\",\"referenceValue\":\"statusIdObject.statusName\",\"inputMode\":\"reference\",\"parameter\":\"Status\"},{\"expressionValue\":\"=submitMessage\",\"referenceValue\":\"submitMessage\",\"inputMode\":\"reference\",\"parameter\":\"SubmitMessage\"},{\"expressionValue\":\"=adf.context.getSecurityContext()?.getUserName()\",\"inputMode\":\"expression\",\"parameter\":\"User\"}]",
                                "methodName": "onXxreq_Job_Req_RequestsActionGroupExecute",
                                "pageEvent": "actionGroupExecute"
                            },
                            "outcomeHandlers": {}
                        }
                    }
                },
                "condition": {
                    "children": [
                        {
                            "tooltip": "",
                            "criteriaLhs": "submitMessage",
                            "criteriaCond": "any:notEmpty",
                            "criteriaRhsInputMode": "static",
                            "criteriaRhs": "''"
                        }
                    ],
                    "tooltip": "",
                    "className": "criteria-group-row-outermost",
                    "matchChoice": "all"
                }
            }
        }
      ]
}