{
    "fields": [
        {
            "type": "number",
            "name": "requestId",
            "key": true,
            "oid": "c05ab256-008b-448b-8e93-c83a37eb282d",
            "columnName": "REQUEST_ID",
            "updatable": false,
            "required": true,
            "unique": true,
            "indexed": true,
            "displayLabel": "Request Id",
            "precision": 18,
            "scale": 0,
            "sequenceName": "XXREQ_JOB_REQ_REQUESTS_SEQ"
        },
        {
            "type": "string",
            "name": "ghRequisitionId",
            "oid": "92ea9d5e-35ae-4268-bb6d-25c8fd7480df",
            "columnName": "GH_REQUISITION_ID",
            "updatable": true,
            "displayLabel": "Gh Requisition Id",
            "maxLength": 120
        },
        {
            "type": "number",
            "name": "reqTypeId",
            "oid": "b4b0ed4d-a7e5-4441-bf82-fc73288391a6",
            "columnName": "REQ_TYPE_ID",
            "updatable": true,
            "displayLabel": "Req Type Id",
            "precision": 10,
            "scale": 0
        },
        {
            "type": "boolean",
            "name": "manageOthersFlag",
            "oid": "cf25c232-5feb-4c3b-9012-71019c5757f4",
            "columnName": "MANAGE_OTHERS_FLAG",
            "updatable": true,
            "displayLabel": "Manage Others Flag"
        },
        {
            "type": "number",
            "name": "empId",
            "oid": "9cb6f0bb-44d5-41ed-b748-342db489481a",
            "columnName": "EMP_ID",
            "updatable": true,
            "displayLabel": "Emp Id",
            "precision": 18,
            "scale": 0
        },
        {
            "type": "datetime",
            "name": "exitDate",
            "oid": "5441b29d-7ba2-40ba-9da2-1529b6bd8348",
            "columnName": "EXIT_DATE",
            "updatable": true,
            "displayLabel": "Exit Date"
        },
        {
            "type": "number",
            "name": "reportToManId",
            "oid": "85220923-e8c8-4d1f-b5f8-0347eccfdbae",
            "columnName": "REPORT_TO_MAN_ID",
            "updatable": true,
            "displayLabel": "Report To Man Id",
            "precision": 18,
            "scale": 0
        },
        {
            "type": "number",
            "name": "jobTitleId",
            "oid": "56d2bec2-c91d-4789-8a78-bc0ea7a495d3",
            "columnName": "JOB_TITLE_ID",
            "updatable": true,
            "displayLabel": "Job Title Id"
        },
        {
            "type": "string",
            "name": "jobLevelId",
            "oid": "5236a4f4-d896-4d4b-9245-9c769f07cded",
            "columnName": "JOB_LEVEL_ID",
            "updatable": true,
            "displayLabel": "Job Level Id"
        },
        {
            "type": "number",
            "name": "departmentId",
            "oid": "fc772865-4c05-442e-8d87-6f8d8085cf63",
            "columnName": "DEPARTMENT_ID",
            "updatable": true,
            "displayLabel": "Department Id",
            "precision": 18,
            "scale": 0
        },
        {
            "type": "number",
            "name": "budgetHolderId",
            "oid": "c2523f8f-6a7c-43d9-99f8-7b3b41c226c3",
            "columnName": "BUDGET_HOLDER_ID",
            "updatable": true,
            "displayLabel": "Budget Holder Id",
            "precision": 18,
            "scale": 0
        },
        {
            "type": "number",
            "name": "locationId",
            "oid": "c3f58419-7a35-4e67-bf0e-c02126fffad5",
            "columnName": "LOCATION_ID",
            "updatable": true,
            "displayLabel": "Location Id",
            "precision": 18,
            "scale": 0
        },
        {
            "type": "boolean",
            "name": "rdOrSupportFlag",
            "oid": "b2ae4bad-63e3-45ca-a76d-87f3a89a806d",
            "columnName": "RD_OR_SUPPORT_FLAG",
            "updatable": true,
            "displayLabel": "Rd Or Support Flag"
        },
        {
            "type": "number",
            "name": "suiteId",
            "oid": "f41681e4-7cb5-4037-95da-f4d87f8cdcbc",
            "columnName": "SUITE_ID",
            "updatable": true,
            "displayLabel": "Suite Id",
            "precision": 10,
            "scale": 0
        },
        {
            "type": "number",
            "name": "moduleId",
            "oid": "fb73620b-441e-4f95-94f8-8cb4f2b02858",
            "columnName": "MODULE_ID",
            "updatable": true,
            "displayLabel": "Module Id",
            "precision": 10,
            "scale": 0
        },
        {
            "type": "number",
            "name": "divisionId",
            "oid": "ab8c5eb9-691a-48d4-ae58-777adc416140",
            "columnName": "DIVISION_ID",
            "updatable": true,
            "displayLabel": "Division Id",
            "precision": 10,
            "scale": 0
        },
        {
            "type": "number",
            "name": "salaryBase",
            "oid": "43bace1b-b0b8-4503-b156-e3007eb5f9bc",
            "columnName": "SALARY_BASE",
            "updatable": true,
            "displayLabel": "Salary Base"
        },
        {
            "type": "number",
            "name": "variableSalary",
            "oid": "69923689-fb2e-4548-a0c1-8771c1568a58",
            "columnName": "VARIABLE_SALARY",
            "updatable": true,
            "displayLabel": "Variable Salary"
        },
        {
            "type": "boolean",
            "name": "equityApprovedFlag",
            "oid": "f33de1d0-d15f-4261-a1c5-4121f2f39bb9",
            "columnName": "EQUITY_APPROVED_FLAG",
            "updatable": true,
            "displayLabel": "Equity Approved Flag"
        },
        {
            "type": "number",
            "name": "statusId",
            "oid": "8f01e544-38ee-4fba-8c45-2a7884060280",
            "columnName": "STATUS_ID",
            "displayLabel": "Status Id",
            "precision": 18,
            "scale": 0,
            "defaultValue": {
                "server": {
                    "type": "static",
                    "value": 1
                }
            }
        },
        {
            "type": "datetime",
            "name": "creationDate",
            "oid": "44c9a75a-a240-4b8b-a75f-7362cd02b18f",
            "columnName": "CREATION_DATE",
            "updatable": true,
            "displayLabel": "Creation Date",
            "historyType": "timeCreated"
        },
        {
            "type": "string",
            "name": "createdBy",
            "oid": "dc468183-9ee4-4e43-b4de-9eba310ad5e0",
            "columnName": "CREATED_BY",
            "updatable": true,
            "displayLabel": "Created By",
            "maxLength": 256,
            "historyType": "createdBy"

        },
        {
            "type": "datetime",
            "name": "lastUpdateDate",
            "oid": "193e5757-537c-499d-b019-a0726d932158",
            "columnName": "LAST_UPDATE_DATE",
            "updatable": true,
            "displayLabel": "Last Update Date",
            "historyType": "timeUpdated"
        },
        {
            "type": "string",
            "name": "lastUpdatedBy",
            "oid": "9b003e67-b8ca-4d63-9fa4-1f745b8c8a3a",
            "columnName": "LAST_UPDATED_BY",
            "updatable": true,
            "displayLabel": "Last Updated By",
            "maxLength": 256,
            "historyType": "updatedBy"

        },
        {
            "type": "datetime",
            "name": "submitDate",
            "oid": "f1a48437-de30-4262-a138-2d2531f4425e",
            "columnName": "SUBMIT_DATE",
            "updatable": true,
            "displayLabel": "Submit Date"
        },
        {
            "type": "string",
            "name": "submittedBy",
            "oid": "892a9a3f-47f9-41c5-84a2-fad8df7b81f2",
            "columnName": "SUBMITTED_BY",
            "updatable": true,
            "displayLabel": "Submitted By",
            "maxLength": 256
        },
        {
            "type": "datetime",
            "name": "lastSyncDateGh",
            "oid": "dc27a8c4-34cf-4fac-a7f4-1a5c02fb3171",
            "columnName": "LAST_SYNC_DATE_GH",
            "updatable": true,
            "displayLabel": "Last Sync Date Gh"
        },
{
            "type": "string",
            "name": "ghRequisitionName",
            "oid": "51adb918-e325-4099-889e-4bc57627a2e7",
            "columnName": "GH_REQUISITION_NAME",
            "displayLabel": "Gh Requisition Name"
        },
{
            "type": "boolean",
            "defaultValue": {
                "server": {
                    "type": "static",
                    "value": true
                }
            },
            "name": "activeFlag",
            "oid": "275cf7f5-5e33-4046-b5ef-a869756aa615",
            "columnName": "ACTIVE_FLAG",
            "displayLabel": "Active Flag"

        },
{
            "type": "string",
            "name": "jobDesc",
            "oid": "3fcded83-af1f-4604-b6f8-10dcf2cb4521",
            "columnName": "JOB_DESC",
            "displayLabel": "Job Desc"
        },
{
            "type": "string",
            "name": "submitMessage",
            "oid": "ba058578-cca7-4bdf-9c1f-0c490326ef97",
            "columnName": "SUBMIT_MESSAGE",
            "displayLabel": "Submit Message"
        },
{
            "type": "number",
            "name": "emplTypeId",
            "oid": "280b3486-e56f-40f7-a1ec-f261db44aef8",
            "columnName": "EMPL_TYPE_ID",
            "displayLabel": "Empl Type Id"
        },
        {
            "type": "number",
            "name": "salaryBaseLocal",
            "oid": "cb25eaf4-740c-4380-b9d8-262829e7c03c",
            "columnName": "SALARY_BASE_LOCAL",
            "displayLabel": "Salary Base Local"
        }        ,
{
            "type": "number",
            "name": "variableSalaryLocal",
            "oid": "b83ea948-29c5-45e1-82a9-a328482d876d",
            "columnName": "VARIABLE_SALARY_LOCAL",
            "displayLabel": "Variable Salary Local"
        },
        {
            "type": "number",
            "name": "conversionRate",
            "oid": "dd93556f-75ce-44e3-9fa0-379c21a133ee",
            "columnName": "CONVERSION_RATE",
            "displayLabel": "Conversion Rate"
        }        ,
        {
            "type": "string",
            "name": "currency",
            "oid": "9849debe-0170-4350-9453-2b6425727927",
            "columnName": "CURRENCY",
            "displayLabel": "Currency"
        }
    ],
    "name": "XxreqJobReqRequests",
    "oid": "62334660-6e21-4318-a638-166b5b96225d",
    "relationships": [
        {
            "name": "statusIdObject",
            "reverseRelationship": "xxreqJobReqRequestsCollection",
            "targetEntity": "XxreqJobReqStatuses",
            "type": "outgoing",
            "exposeAccessor": true,
            "mappingField": "statusId",
            "deleteRule": "restrict"
        },
{
            "name": "requestTypeIdObject",
            "reverseRelationship": "xxreqJobReqRequestsObject",
            "targetEntity": "XxreqJobReqTypes",
            "type": "outgoing",
            "exposeAccessor": true,
            "mappingField": "reqTypeId",
            "deleteRule": "restrict"
        },
        {
            "name": "emplTypeIdObject",
            "reverseRelationship": "xxreqJobReqRequestsCollection",
            "targetEntity": "XxreqJobReqEmplType",
            "type": "outgoing",
            "exposeAccessor": true,
            "mappingField": "emplTypeId",
            "deleteRule": "restrict"
        }
    ],
    "displayLabel": "Xxreq Job Req Requests",
    "tableName": "XXREQ_JOB_REQ_REQUESTS",
    "triggers": [
{
            "definition": "// Field Trigger Beginning \nprintln 'Field Trigger started: SubmitMessageChanged, business object: XxreqJobReqRequests, field: submitMessage';\n\ntry {\n\n  // Execute Conditionally Criterion (Execute Conditionally)\n  def codeCriterion_1 = !!submitMessage;\n  println \"Trigger condition !!submitMessage is \" + codeCriterion_1;\n  if (codeCriterion_1) {\n    // Action Group (Action Group)\n    eMailNotification_1: {\n      def variables = [:];\n      variables[\"ReqId\"] = String.valueOf(ghRequisitionName);\n      variables[\"Status\"] = String.valueOf(statusIdObject.statusName);\n      variables[\"SubmitMessage\"] = String.valueOf(submitMessage);\n      variables[\"User\"] = String.valueOf({ adf.context.getSecurityContext()?.getUserName() }());\n      Email.send(String.valueOf({ lastUpdatedBy }()), \"nobody@oracle.com\", \"SubmitTemplate\", variables);\n    };\n    return;\n  }\n\n} finally {\n\n  // Field Trigger End \n  println 'Field Trigger ended: SubmitMessageChanged';\n\n}",
            "displayName": "SubmitMessageChanged",
            "name": "submitMessage_Field_Rule_0",
            "refId": "706a027b-623a-46b8-bfa3-40c3df68d314",
            "type": "Modify",
            "onProperty": "submitMessage"
        }
    ],
    "objectFunctions": [
    ]
}