{
    "fields": [
        {
            "type": "number",
            "name": "engineeringDepartmentId",
            "key": true,
            "oid": "03eee520-c7c7-424f-b104-ed176649efeb",
            "columnName": "ENGINEERING_DEPARTMENT_ID",
            "updatable": false,
            "required": true,
            "unique": true,
            "indexed": true,
            "displayLabel": "Engineering Department Id"
        },
        {
            "type": "string",
            "name": "engineeringDepartmentName",
            "oid": "0a4d7179-7e33-4c2d-8b16-1e318ded5dda",
            "columnName": "ENGINEERING_DEPARTMENT_NAME",
            "updatable": true,
            "displayLabel": "Engineering Department Name",
            "maxLength": 1000
        },
        {
            "type": "number",
            "name": "oraDepartmentId",
            "oid": "9583ec21-8e7a-4bbc-aac9-9e083558bfaf",
            "columnName": "ORA_DEPARTMENT_ID",
            "updatable": true,
            "displayLabel": "Ora Department Id",
            "precision": 18,
            "scale": 0
        },
        {
            "type": "number",
            "name": "activeFlag",
            "oid": "7ccf1319-710f-450e-a8cb-1cc301ef604c",
            "columnName": "ACTIVE_FLAG",
            "updatable": true,
            "displayLabel": "Active Flag",
            "precision": 1,
            "scale": 0
        },
        {
            "type": "string",
            "name": "createdBy",
            "oid": "1b714daa-e60d-42dd-b20e-560eac68a885",
            "columnName": "CREATED_BY",
            "displayLabel": "Created By",
            "historyType": "createdBy"
        },
        {
            "type": "datetime",
            "name": "createdDate",
            "oid": "77053030-cd95-4c52-ba8d-fdbf30afd775",
            "columnName": "CREATED_DATE",
            "displayLabel": "Created Date",
            "historyType": "timeCreated"
        },
        {
            "type": "string",
            "name": "lastUpdatedBy",
            "oid": "187f4946-8262-4e72-ac6f-2da23cb00ace",
            "columnName": "LAST_UPDATED_BY",
            "displayLabel": "Last Updated By",
            "historyType": "updatedBy"
        },
        {
            "type": "datetime",
            "name": "lastUpdatedDate",
            "oid": "278e1578-12e7-4c3f-9815-37cb6cb6d7c2",
            "columnName": "LAST_UPDATED_DATE",
            "displayLabel": "Last Updated Date",
            "historyType": "timeUpdated"
        }
    ],
    "name": "XxreqJobReqEnginDepts",
    "oid": "965825c9-d097-4970-a7d8-cdada3609e8c",
    "displayLabel": "Xxreq Job Req Engineering Departments",
    "tableName": "XXREQ_JOB_REQ_ENG_DEPARTMENTS"
}