{
  "description": "",
  "eventListeners": {
    "daterangeValue": {
      "chains": [
        {
          "chain": "ComboValueChangeChain",
          "parameters": {
            "value": "{{ $event.detail.value }}"
          }
        }
      ]
    }
  },
  "events": {},
  "imports": {
    "components": {
      "oj-combobox-one": {
        "path": "ojs/ojselectcombobox"
      },
      "oj-option": {
        "path": "ojs/ojoption"
      }
    }
  },
  "types": {},
  "variables": {
    "OCISummaryPostData": {
      "type": {
        "lastSuccessRun": "string",
        "triggerType": "string"
      },
      "defaultValue": {
        "triggerType": "Detail",
        "lastSuccessRun": "08/09/2025"
      }
    }
  },
  "title": "Breadcrumbs",
  "@dt": {
    "implements": [
      "ListItemLayoutElement"
    ]
  }
}