{
    "fields": [
        {
            "type": "number",
            "name": "requestTypeId",
            "key": true,
            "oid": "091d2dac-9398-45d4-8f9e-4d501075250c",
            "columnName": "REQUEST_TYPE_ID",
            "updatable": false,
            "required": true,
            "unique": true,
            "indexed": true,
            "displayLabel": "Request Type Id"
        },
        {
            "type": "string",
            "name": "requestTypeName",
            "oid": "00203f5c-070f-46d4-be73-4977c8fcd4c7",
            "columnName": "REQUEST_TYPE_NAME",
            "updatable": true,
            "displayLabel": "Request Type Name",
            "maxLength": 600
        },
        {
            "type": "number",
            "name": "ghRequestTypeId",
            "oid": "b9534f6c-39ec-49b6-af04-fee2a49a1206",
            "columnName": "GH_REQUEST_TYPE_ID",
            "updatable": true,
            "displayLabel": "Gh Request Type Id",
            "scale": 0
        }
    ],
    "name": "XxreqJobReqTypes",
    "oid": "f148ee13-7663-470d-8bb4-421b481e4a32",
    "relationships": [
        {
            "name": "xxreqJobReqRequestsObject",
            "reverseRelationship": "requestTypeIdObject",
            "targetEntity": "XxreqJobReqRequests",
            "type": "incoming",
            "displayField": "requestTypeName"
        }
    ],
    "displayLabel": "Xxreq Job Req Types",
    "tableName": "XXREQ_JOB_REQ_TYPES"
}