{
    "openapi": "3.0.0",
    "info": {
        "title": "Ics",
        "version": "1.0.0"
    },
    "servers": [
        {
            "url": "vb-catalog://backends/ics",
            "description": "Ics"
        }
    ],
    "paths": {
        "/ic/api/integration/v2/flows/rest/project/COMMON/KSY_XXI021_ESS_BICC_DTL/1.0/essbiccdetail": {
            "post": {
                "operationId": "postIcApiIntegrationV2FlowsRestProjectCOMMONKSY_XXI021_ESS_BICC_DTL1_0Essbiccdetail",
                "requestBody": {
                    "content": {
                        "application/json": {
                            "schema": {
                                "$ref": "#/components/schemas/PostIcApiIntegrationV2FlowsRestProjectCOMMONKSY_XXI021_ESS_BICC_DTL1_0EssbiccdetailRequest"
                            },
                            "examples": {
                                "vb": {
                                    "externalValue": "./examples/postIcApiIntegrationV2FlowsRestProjectCOMMONKSY_XXI021_ESS_BICC_DTL1_0Essbiccdetail/request_application_json_vb.json"
                                }
                            }
                        }
                    }
                },
                "responses": {
                    "default": {
                        "description": "Default response",
                        "content": {
                            "application/json": {
                                "schema": {
                                    "$ref": "#/components/schemas/PostIcApiIntegrationV2FlowsRestProjectCOMMONKSY_XXI021_ESS_BICC_DTL1_0EssbiccdetailResponse"
                                },
                                "examples": {
                                    "vb": {
                                        "summary": "Example stored by VB User",
                                        "externalValue": "./examples/postIcApiIntegrationV2FlowsRestProjectCOMMONKSY_XXI021_ESS_BICC_DTL1_0Essbiccdetail/response_default_application_json_vb.json"
                                    }
                                }
                            }
                        }
                    }
                },
                "x-vb": {
                    "actionHint": "getMany"
                }
            }
        }
    },
    "components": {
        "schemas": {
            "PostIcApiIntegrationV2FlowsRestProjectCOMMONKSY_XXI021_ESS_BICC_DTL1_0EssbiccdetailRequest": {
                "type": "object",
                "properties": {
                    "triggerType": {
                        "type": "string"
                    },
                    "lastSuccessRun": {
                        "type": "string"
                    }
                }
            },
            "PostIcApiIntegrationV2FlowsRestProjectCOMMONKSY_XXI021_ESS_BICC_DTL1_0EssbiccdetailResponse": {
                "type": "object",
                "properties": {
                    "statusCode": {
                        "type": "string"
                    },
                    "statusMessage": {
                        "type": "string"
                    }
                }
            }
        }
    }
}