{
    "items": [
        {
            "AssignmentId": 300000003124867,
            "AssignmentNumber": "E11",
            "AssignmentName": "E11",
            "LegalEmployerName": "Kaseya US LLC",
            "StartDate": "2025-03-11",
            "PrimaryFlag": true,
            "PrimaryAssignmentFlag": true,
            "WorkerType": "E",
            "WorkerNumber": null,
            "WorkAtHomeFlag": false,
            "FullPartTime": null,
            "ManagerName": null,
            "BusinessUnitName": "Kaseya US BU",
            "DepartmentName": null,
            "JobCode": null,
            "JobName": null,
            "PositionCode": null,
            "PositionName": null,
            "LocationCode": null,
            "LocationName": null,
            "GradeCode": null,
            "GradeName": null,
            "InternalBuilding": null,
            "InternalFloor": null,
            "InternalOfficeNumber": null,
            "InternalMailstop": null,
            "LocationAddressLine1": null,
            "LocationAddressLine2": null,
            "LocationAddressLine3": null,
            "LocationAddressLine4": null,
            "LocationRegion1": null,
            "LocationRegion2": null,
            "LocationRegion3": null,
            "LocationTownOrCity": null,
            "LocationPostalCode": null,
            "LocationCountry": null,
            "LocationLongPostalCode": null,
            "LocationTimezoneCode": null,
            "LocationSingleLineAddress": "",
            "LocationMultiLineAddress": "",
            "LengthOfServiceYears": 0,
            "LengthOfServiceMonths": 4,
            "LengthOfServiceDays": 5,
            "MarkedAsFavoriteFlag": false,
            "links": [
                {
                    "rel": "self",
                    "href": "https://kaseya-ibwgjb-dev1.fa.ocs.oraclecloud.com:443/hcmRestApi/resources/11.13.18.05/publicWorkers/300000003124854/child/assignments/300000003124867",
                    "name": "assignments",
                    "kind": "item"
                },
                {
                    "rel": "canonical",
                    "href": "https://kaseya-ibwgjb-dev1.fa.ocs.oraclecloud.com:443/hcmRestApi/resources/11.13.18.05/publicWorkers/300000003124854/child/assignments/300000003124867",
                    "name": "assignments",
                    "kind": "item"
                },
                {
                    "rel": "parent",
                    "href": "https://kaseya-ibwgjb-dev1.fa.ocs.oraclecloud.com:443/hcmRestApi/resources/11.13.18.05/publicWorkers/300000003124854",
                    "name": "publicWorkers",
                    "kind": "item"
                },
                {
                    "rel": "child",
                    "href": "https://kaseya-ibwgjb-dev1.fa.ocs.oraclecloud.com:443/hcmRestApi/resources/11.13.18.05/publicWorkers/300000003124854/child/assignments/300000003124867/child/allReports",
                    "name": "allReports",
                    "kind": "collection"
                },
                {
                    "rel": "child",
                    "href": "https://kaseya-ibwgjb-dev1.fa.ocs.oraclecloud.com:443/hcmRestApi/resources/11.13.18.05/publicWorkers/300000003124854/child/assignments/300000003124867/child/allReportsDepartments",
                    "name": "allReportsDepartments",
                    "kind": "collection"
                },
                {
                    "rel": "child",
                    "href": "https://kaseya-ibwgjb-dev1.fa.ocs.oraclecloud.com:443/hcmRestApi/resources/11.13.18.05/publicWorkers/300000003124854/child/assignments/300000003124867/child/allReportsLocations",
                    "name": "allReportsLocations",
                    "kind": "collection"
                },
                {
                    "rel": "child",
                    "href": "https://kaseya-ibwgjb-dev1.fa.ocs.oraclecloud.com:443/hcmRestApi/resources/11.13.18.05/publicWorkers/300000003124854/child/assignments/300000003124867/child/directReports",
                    "name": "directReports",
                    "kind": "collection"
                },
                {
                    "rel": "child",
                    "href": "https://kaseya-ibwgjb-dev1.fa.ocs.oraclecloud.com:443/hcmRestApi/resources/11.13.18.05/publicWorkers/300000003124854/child/assignments/300000003124867/child/employmentHistory",
                    "name": "employmentHistory",
                    "kind": "collection"
                },
                {
                    "rel": "child",
                    "href": "https://kaseya-ibwgjb-dev1.fa.ocs.oraclecloud.com:443/hcmRestApi/resources/11.13.18.05/publicWorkers/300000003124854/child/assignments/300000003124867/child/managers",
                    "name": "managers",
                    "kind": "collection"
                },
                {
                    "rel": "child",
                    "href": "https://kaseya-ibwgjb-dev1.fa.ocs.oraclecloud.com:443/hcmRestApi/resources/11.13.18.05/publicWorkers/300000003124854/child/assignments/300000003124867/child/representatives",
                    "name": "representatives",
                    "kind": "collection"
                }
            ]
        }
    ],
    "count": 1,
    "hasMore": false,
    "limit": 25,
    "offset": 0,
    "links": [
        {
            "rel": "self",
            "href": "https://kaseya-ibwgjb-dev1.fa.ocs.oraclecloud.com:443/hcmRestApi/resources/11.13.18.05/publicWorkers/300000003124854/child/assignments",
            "name": "assignments",
            "kind": "collection"
        }
    ]
}