{
    "roleMapping": {
        "idcsHostUrl": "https://idcs-3319ed0ddda74f89b349a1c86cf472b9.identity.oraclecloud.com:443",
        "roles": {
            "UserManager": {
                "base_configuration": {
                    "users": [
                        {
                            "id": "a22fad9864204be8af7b9bb9655b3c90",
                            "displayName": "Edwin Martinez",
                            "userName": "edwin.martinez@kaseya.com"
                        }
                    ],
                    "groups": [
                        {
                            "id": "8e7d3f764d3a4ab9bdd95942c89155a4",
                            "displayName": "KSY Line Manager"
                        }
                    ]
                }
            },
            "Userta": {
                "base_configuration": {
                    "users": [
                        {
                            "id": "a22fad9864204be8af7b9bb9655b3c90",
                            "displayName": "Edwin Martinez",
                            "userName": "edwin.martinez@kaseya.com"
                        }
                    ],
                    "groups": [
                        {
                            "id": "8e7d3f764d3a4ab9bdd95942c89155a4",
                            "displayName": "KSY Line Manager"
                        }
                    ]
                }
            }
        }
    }
}