{
    "openapi": "3.0.0",
    "info": {
        "title": "GreenhouseBackEnd",
        "version": "1.0.0"
    },
    "servers": [
        {
            "url": "vb-catalog://backends/GreenhouseBackEnd",
            "description": "GreenhouseBackEnd"
        }
    ],
    "paths": {
        "/jobs/{id}/job_posts": {
            "parameters": [
                {
                    "name": "id",
                    "in": "path",
                    "required": true,
                    "schema": {
                        "type": "string"
                    }
                }
            ],
            "get": {
                "operationId": "get",
                "responses": {
                    "default": {
                        "description": "Response for default",
                        "content": {
                            "application/json": {
                                "schema": {
                                    "$ref": "#/components/schemas/GetJobsIdJob_posts"
                                },
                                "examples": {
                                    "vb": {
                                        "summary": "Example stored by VB User",
                                        "externalValue": "./examples/get/response_default_application_json_vb.json"
                                    }
                                }
                            }
                        }
                    }
                },
                "x-vb": {
                    "actionHint": "getMany"
                }
            }
        }
    },
    "components": {
        "schemas": {
            "GetJobsIdJob_posts": {
                "type": "array",
                "items": {
                    "type": "object",
                    "properties": {
                        "id": {
                            "type": "integer"
                        },
                        "active": {
                            "type": "boolean"
                        },
                        "live": {
                            "type": "boolean"
                        },
                        "first_published_at": {
                            "nullable": true
                        },
                        "title": {
                            "type": "string"
                        },
                        "location": {
                            "type": "object",
                            "properties": {
                                "id": {
                                    "type": "integer"
                                },
                                "name": {
                                    "type": "string"
                                },
                                "office_id": {
                                    "nullable": true
                                },
                                "job_post_custom_location_id": {
                                    "nullable": true
                                },
                                "job_post_location_type": {
                                    "type": "object",
                                    "properties": {
                                        "id": {
                                            "type": "integer"
                                        },
                                        "name": {
                                            "type": "string"
                                        }
                                    }
                                }
                            }
                        },
                        "internal": {
                            "type": "boolean"
                        },
                        "external": {
                            "type": "boolean"
                        },
                        "job_id": {
                            "type": "integer"
                        },
                        "content": {
                            "type": "string"
                        },
                        "internal_content": {
                            "nullable": true
                        },
                        "updated_at": {
                            "type": "string"
                        },
                        "created_at": {
                            "type": "string"
                        },
                        "demographic_question_set_id": {
                            "nullable": true
                        },
                        "questions": {
                            "type": "array",
                            "items": {
                                "type": "object",
                                "properties": {
                                    "required": {
                                        "type": "boolean",
                                        "nullable": true
                                    },
                                    "private": {
                                        "type": "boolean"
                                    },
                                    "label": {
                                        "type": "string"
                                    },
                                    "name": {
                                        "type": "string"
                                    },
                                    "type": {
                                        "type": "string"
                                    },
                                    "values": {
                                        "type": "array",
                                        "items": {
                                            "type": "object",
                                            "properties": {
                                                "value": {
                                                    "type": "integer"
                                                },
                                                "label": {
                                                    "type": "string"
                                                }
                                            }
                                        }
                                    },
                                    "description": {
                                        "nullable": true
                                    }
                                }
                            }
                        }
                    }
                }
            }
        }
    }
}