{
    "fields": [
        {
            "type": "number",
            "name": "ghEmplTypeId",
            "oid": "b72ed59a-23fe-42ac-a4bb-27c41f8917f8",
            "columnName": "GH_EMPL_TYPE_ID",
            "updatable": true,
            "displayLabel": "Gh Empl Type Id",
            "precision": 18,
            "scale": 0
        },
        {
            "type": "number",
            "name": "emplTypeId",
            "key": true,
            "oid": "d92dddd0-df46-4947-8d4c-9d90f911e52a",
            "columnName": "EMPL_TYPE_ID",
            "updatable": false,
            "required": true,
            "unique": true,
            "indexed": true,
            "displayLabel": "Empl Type Id",
            "precision": 18,
            "scale": 0
        },
        {
            "type": "string",
            "name": "emplTypeName",
            "oid": "798e8f86-d4e3-4846-b40e-f89a07d2be7d",
            "columnName": "EMPL_TYPE_NAME",
            "updatable": true,
            "required": true,
            "displayLabel": "Empl Type Name",
            "maxLength": 100
        },
        {
            "type": "datetime",
            "name": "creationDate",
            "oid": "9fde1fbe-080f-4f47-93d2-26907bf3036a",
            "columnName": "CREATION_DATE",
            "updatable": true,
            "displayLabel": "Creation Date"
        },
        {
            "type": "string",
            "name": "createdBy",
            "oid": "37f049e6-5e85-4523-95e1-582f7cbb12b2",
            "columnName": "CREATED_BY",
            "updatable": true,
            "displayLabel": "Created By",
            "maxLength": 100
        },
        {
            "type": "datetime",
            "name": "lastUpdateDate",
            "oid": "cd2436fa-9571-4583-8301-00dbef036fa0",
            "columnName": "LAST_UPDATE_DATE",
            "updatable": true,
            "displayLabel": "Last Update Date"
        },
        {
            "type": "string",
            "name": "lastUpdatedBy",
            "oid": "2ba2856e-96dd-4e05-9817-d98729f01697",
            "columnName": "LAST_UPDATED_BY",
            "updatable": true,
            "displayLabel": "Last Updated By",
            "maxLength": 100
        },
        {
            "type": "string",
            "name": "isActive",
            "oid": "7dbbc9af-e9cb-41cd-b258-b47bc1f96157",
            "columnName": "IS_ACTIVE",
            "updatable": true,
            "displayLabel": "Is Active",
            "maxLength": 1
        }
    ],
    "name": "XxreqJobReqEmplType",
    "oid": "66e9ff21-4618-4592-a196-7de2a844a024",
    "displayLabel": "Xxreq Job Req Empl Type",
    "tableName": "XXREQ_JOB_REQ_EMPL_TYPE",
    "relationships": [
        {
            "name": "xxreqJobReqRequestsCollection",
            "reverseRelationship": "emplTypeIdObject",
            "targetEntity": "XxreqJobReqRequests",
            "type": "incoming",
            "displayField": "createdBy"
        }
    ]
}