{
    "fields": [
        {
            "type": "number",
            "name": "delegationId",
            "key": true,
            "oid": "c85bde7c-c753-4175-8ffc-396e788a0227",
            "columnName": "DELEGATION_ID",
            "updatable": false,
            "required": true,
            "unique": true,
            "indexed": true,
            "displayLabel": "Delegation Id",
            "precision": 18,
            "scale": 0
        },
        {
            "type": "number",
            "name": "delegatePersonId",
            "oid": "5bd35ce7-4206-4be1-ba8f-dfdbd5ee1b50",
            "columnName": "DELEGATE_PERSON_ID",
            "updatable": true,
            "displayLabel": "Delegate Person Id",
            "precision": 18,
            "scale": 0
        },
        {
            "type": "number",
            "name": "proxyPersonId",
            "oid": "a15c8cda-40bc-4eaa-a19e-9141a61607b8",
            "columnName": "PROXY_PERSON_ID",
            "updatable": true,
            "displayLabel": "Proxy Person Id",
            "precision": 18,
            "scale": 0
        },
        {
            "type": "datetime",
            "name": "startDate",
            "oid": "5e59a856-6bb1-4a5b-95ae-c766bfa3dddd",
            "columnName": "START_DATE",
            "updatable": true,
            "displayLabel": "Start Date"
        },
        {
            "type": "datetime",
            "name": "endDate",
            "oid": "5f2dc114-f9d5-4834-b401-599aae57c079",
            "columnName": "END_DATE",
            "updatable": true,
            "displayLabel": "End Date"
        },
        {
            "type": "datetime",
            "name": "creationDate",
            "oid": "51d2acca-2479-4e21-a820-41df9ac4ddb3",
            "columnName": "CREATION_DATE",
            "updatable": true,
            "displayLabel": "Creation Date"
        },
        {
            "type": "string",
            "name": "createdBy",
            "oid": "1c52d062-6c90-44e7-9cc4-91cb67e2f91f",
            "columnName": "CREATED_BY",
            "updatable": true,
            "displayLabel": "Created By",
            "maxLength": 100
        },
        {
            "type": "datetime",
            "name": "lastUpdateDate",
            "oid": "36a6f8cf-10ea-4dd8-8562-4075d8645ec1",
            "columnName": "LAST_UPDATE_DATE",
            "updatable": true,
            "displayLabel": "Last Update Date"
        },
        {
            "type": "string",
            "name": "lastUpdatedBy",
            "oid": "ac076c62-676e-4697-9b42-36bb43c17f8e",
            "columnName": "LAST_UPDATED_BY",
            "updatable": true,
            "displayLabel": "Last Updated By",
            "maxLength": 100
        },
        {
            "type": "boolean",
            "name": "isActive",
            "oid": "e4dc7a47-7310-42f3-9898-2998c44a8a09",
            "columnName": "IS_ACTIVE",
            "updatable": true,
            "displayLabel": "Is Active"
        }
    ],
    "name": "XxreqJobReqDelegations",
    "oid": "6ed01df5-f8be-4c7b-b5f3-8d75c7c5fded",
    "displayLabel": "Xxreq Job Req Delegations",
    "tableName": "XXREQ_JOB_REQ_DELEGATIONS"
}