{
    "openapi": "3.0.0",
    "info": {
        "title": "GreenhouseBackEnd",
        "version": "1.0.0"
    },
    "servers": [
        {
            "url": "vb-catalog://backends/GreenhouseBackEnd",
            "description": "GreenhouseBackEnd"
        }
    ],
    "paths": {
        "/jobs/{jobId}": {
            "parameters": [
                {
                    "name": "jobId",
                    "in": "path",
                    "required": true,
                    "schema": {
                        "type": "string"
                    }
                }
            ],
            "patch": {
                "operationId": "patch_job",
                "parameters": [
                    {
                        "name": "on-behalf-of",
                        "in": "header",
                        "schema": {
                            "type": "string"
                        }
                    }
                ],
                "requestBody": {
                    "content": {
                        "application/json": {
                            "schema": {
                                "$ref": "#/components/schemas/PatchJobsJobIdRequest"
                            },
                            "examples": {
                                "vb": {
                                    "externalValue": "./examples/patch_job/request_application_json_vb.json"
                                }
                            }
                        }
                    }
                },
                "responses": {
                    "default": {
                        "description": "Default response",
                        "content": {
                            "application/json": {
                                "schema": {
                                    "$ref": "#/components/schemas/PatchJobsJobIdResponse"
                                },
                                "examples": {
                                    "vb": {
                                        "externalValue": "./examples/patch_job/response_default_application_json_vb.json"
                                    }
                                }
                            }
                        }
                    }
                },
                "x-vb": {
                    "actionHint": "update"
                }
            }
        }
    },
    "components": {
        "schemas": {
            "PatchJobsJobIdRequest": {
                "type": "object",
                "properties": {
                    "custom_fields": {
                        "type": "array",
                        "items": {
                            "type": "object",
                            "properties": {
                                "name_key": {
                                    "type": "string"
                                },
                                "value": {
                                    "oneOf": [
                                        {
                                            "type": "integer"
                                        },
                                        {
                                            "type": "string"
                                        }
                                    ]
                                },
                                "min_value": {
                                    "type": "integer"
                                },
                                "max_value": {
                                    "type": "integer"
                                },
                                "unit": {
                                    "type": "string"
                                }
                            }
                        }
                    },
                    "team_and_responsibilities": {
                        "type": "string"
                    }
                }
            },
            "PatchJobsJobIdResponse": {
                "type": "object",
                "properties": {
                    "id": {
                        "type": "integer"
                    },
                    "name": {
                        "type": "string"
                    },
                    "requisition_id": {
                        "type": "string"
                    },
                    "notes": {
                        "nullable": true
                    },
                    "confidential": {
                        "type": "boolean"
                    },
                    "is_template": {
                        "type": "boolean"
                    },
                    "copied_from_id": {
                        "type": "integer"
                    },
                    "status": {
                        "type": "string"
                    },
                    "created_at": {
                        "type": "string"
                    },
                    "opened_at": {
                        "type": "string"
                    },
                    "closed_at": {
                        "nullable": true
                    },
                    "updated_at": {
                        "type": "string"
                    },
                    "departments": {
                        "type": "array",
                        "items": {
                            "type": "object",
                            "properties": {
                                "id": {
                                    "type": "integer"
                                },
                                "name": {
                                    "type": "string"
                                },
                                "parent_id": {
                                    "type": "integer"
                                },
                                "parent_department_external_id": {
                                    "type": "string"
                                },
                                "child_ids": {
                                    "type": "array",
                                    "items": {}
                                },
                                "child_department_external_ids": {
                                    "type": "array",
                                    "items": {}
                                },
                                "external_id": {
                                    "type": "string"
                                }
                            }
                        }
                    },
                    "offices": {
                        "type": "array",
                        "items": {
                            "type": "object",
                            "properties": {
                                "id": {
                                    "type": "integer"
                                },
                                "name": {
                                    "type": "string"
                                },
                                "location": {
                                    "type": "object",
                                    "properties": {
                                        "name": {
                                            "nullable": true
                                        }
                                    }
                                },
                                "primary_contact_user_id": {
                                    "nullable": true
                                },
                                "parent_id": {
                                    "type": "integer"
                                },
                                "parent_office_external_id": {
                                    "type": "string"
                                },
                                "child_ids": {
                                    "type": "array",
                                    "items": {}
                                },
                                "child_office_external_ids": {
                                    "type": "array",
                                    "items": {}
                                },
                                "external_id": {
                                    "type": "string"
                                }
                            }
                        }
                    },
                    "hiring_team": {
                        "type": "object",
                        "properties": {
                            "hiring_managers": {
                                "type": "array",
                                "items": {}
                            },
                            "recruiters": {
                                "type": "array",
                                "items": {}
                            },
                            "coordinators": {
                                "type": "array",
                                "items": {}
                            },
                            "sourcers": {
                                "type": "array",
                                "items": {}
                            }
                        }
                    },
                    "openings": {
                        "type": "array",
                        "items": {
                            "type": "object",
                            "properties": {
                                "id": {
                                    "type": "integer"
                                },
                                "opening_id": {
                                    "nullable": true
                                },
                                "status": {
                                    "type": "string"
                                },
                                "opened_at": {
                                    "type": "string"
                                },
                                "closed_at": {
                                    "nullable": true
                                },
                                "application_id": {
                                    "nullable": true
                                },
                                "close_reason": {
                                    "nullable": true
                                },
                                "custom_fields": {
                                    "type": "object",
                                    "properties": {
                                        "relocation_assistance": {
                                            "nullable": true
                                        }
                                    }
                                },
                                "keyed_custom_fields": {
                                    "type": "object",
                                    "properties": {
                                        "relocation_assistance": {
                                            "nullable": true
                                        }
                                    }
                                }
                            }
                        }
                    },
                    "custom_fields": {
                        "type": "object",
                        "properties": {
                            "job_code": {
                                "type": "integer"
                            },
                            "employment_type": {
                                "nullable": true
                            },
                            "job_type": {
                                "type": "string"
                            },
                            "backfill_name": {
                                "type": "string"
                            },
                            "termination_date": {
                                "type": "string"
                            },
                            "manage_others": {
                                "type": "boolean"
                            },
                            "salary_range_(usd)": {
                                "type": "object",
                                "properties": {
                                    "min_value": {
                                        "type": "string"
                                    },
                                    "max_value": {
                                        "type": "string"
                                    },
                                    "unit": {
                                        "type": "string"
                                    }
                                }
                            },
                            "salary_range_(local_currency)": {
                                "nullable": true
                            },
                            "variable_compensation_(usd)": {
                                "type": "object",
                                "properties": {
                                    "min_value": {
                                        "type": "string"
                                    },
                                    "max_value": {
                                        "type": "string"
                                    },
                                    "unit": {
                                        "type": "string"
                                    }
                                }
                            },
                            "variable_compensation_(local_currency)": {
                                "nullable": true
                            },
                            "budgeter": {
                                "type": "object",
                                "properties": {
                                    "name": {
                                        "type": "string"
                                    },
                                    "email": {
                                        "type": "string"
                                    },
                                    "user_id": {
                                        "type": "integer"
                                    }
                                }
                            },
                            "division": {
                                "type": "array",
                                "items": {
                                    "type": "string"
                                }
                            },
                            "suite": {
                                "type": "string"
                            },
                            "module": {
                                "type": "string"
                            },
                            "shift": {
                                "nullable": true
                            },
                            "management_level": {
                                "type": "string"
                            }
                        }
                    },
                    "keyed_custom_fields": {
                        "type": "object",
                        "properties": {
                            "job_code_job_1750947121.7309973": {
                                "type": "object",
                                "properties": {
                                    "name": {
                                        "type": "string"
                                    },
                                    "type": {
                                        "type": "string"
                                    },
                                    "value": {
                                        "type": "integer"
                                    }
                                }
                            },
                            "employment_type": {
                                "nullable": true
                            },
                            "job_type": {
                                "type": "object",
                                "properties": {
                                    "name": {
                                        "type": "string"
                                    },
                                    "type": {
                                        "type": "string"
                                    },
                                    "value": {
                                        "type": "string"
                                    }
                                }
                            },
                            "backfill_name": {
                                "type": "object",
                                "properties": {
                                    "name": {
                                        "type": "string"
                                    },
                                    "type": {
                                        "type": "string"
                                    },
                                    "value": {
                                        "type": "string"
                                    }
                                }
                            },
                            "termination_date": {
                                "type": "object",
                                "properties": {
                                    "name": {
                                        "type": "string"
                                    },
                                    "type": {
                                        "type": "string"
                                    },
                                    "value": {
                                        "type": "string"
                                    }
                                }
                            },
                            "manage_others": {
                                "type": "object",
                                "properties": {
                                    "name": {
                                        "type": "string"
                                    },
                                    "type": {
                                        "type": "string"
                                    },
                                    "value": {
                                        "type": "boolean"
                                    }
                                }
                            },
                            "salary_job_1641382351.3796115": {
                                "type": "object",
                                "properties": {
                                    "name": {
                                        "type": "string"
                                    },
                                    "type": {
                                        "type": "string"
                                    },
                                    "value": {
                                        "type": "object",
                                        "properties": {
                                            "min_value": {
                                                "type": "string"
                                            },
                                            "max_value": {
                                                "type": "string"
                                            },
                                            "unit": {
                                                "type": "string"
                                            }
                                        }
                                    }
                                }
                            },
                            "salary_range__local_currency_": {
                                "nullable": true
                            },
                            "salary": {
                                "type": "object",
                                "properties": {
                                    "name": {
                                        "type": "string"
                                    },
                                    "type": {
                                        "type": "string"
                                    },
                                    "value": {
                                        "type": "object",
                                        "properties": {
                                            "min_value": {
                                                "type": "string"
                                            },
                                            "max_value": {
                                                "type": "string"
                                            },
                                            "unit": {
                                                "type": "string"
                                            }
                                        }
                                    }
                                }
                            },
                            "variable_compensation__local_currency_": {
                                "nullable": true
                            },
                            "budgeter": {
                                "type": "object",
                                "properties": {
                                    "name": {
                                        "type": "string"
                                    },
                                    "type": {
                                        "type": "string"
                                    },
                                    "value": {
                                        "type": "object",
                                        "properties": {
                                            "name": {
                                                "type": "string"
                                            },
                                            "email": {
                                                "type": "string"
                                            },
                                            "user_id": {
                                                "type": "integer"
                                            }
                                        }
                                    }
                                }
                            },
                            "division": {
                                "type": "object",
                                "properties": {
                                    "name": {
                                        "type": "string"
                                    },
                                    "type": {
                                        "type": "string"
                                    },
                                    "value": {
                                        "type": "array",
                                        "items": {
                                            "type": "string"
                                        }
                                    }
                                }
                            },
                            "product": {
                                "type": "object",
                                "properties": {
                                    "name": {
                                        "type": "string"
                                    },
                                    "type": {
                                        "type": "string"
                                    },
                                    "value": {
                                        "type": "string"
                                    }
                                }
                            },
                            "module": {
                                "type": "object",
                                "properties": {
                                    "name": {
                                        "type": "string"
                                    },
                                    "type": {
                                        "type": "string"
                                    },
                                    "value": {
                                        "type": "string"
                                    }
                                }
                            },
                            "shift": {
                                "nullable": true
                            },
                            "management_level": {
                                "type": "object",
                                "properties": {
                                    "name": {
                                        "type": "string"
                                    },
                                    "type": {
                                        "type": "string"
                                    },
                                    "value": {
                                        "type": "string"
                                    }
                                }
                            }
                        }
                    }
                }
            }
        }
    }
}