{
    "roleMapping": {
        "idcsHostUrl": "https://idcs-cf26a0dc83254fcba0b2108139912623.identity.oraclecloud.com:443",
        "roles": {
            "PaaS": {
                "base_configuration": {
                    "users": [ ],
                    "groups": [
                        {
                            "id": "aaf386ef8a624b8cbf906df230c31120",
                            "displayName": "ksy_ood_paas_grp_jr"
                        }
                    ]
                }
            },
            "SaaS": {
                "base_configuration": {
                    "users": [ ],
                    "groups": [
                        {
                            "id": "c037a3e9d0754698a69f5eb20cd9f8f4",
                            "displayName": "ksy_ood_saas_grp_jr"
                        }
                    ]
                }
            },
            "IaaS": {
                "base_configuration": {
                    "users": [ ],
                    "groups": [ ]
                }
            }
        }
    }
}