{
  "title": "OIC - Dashboard",
  "description": "",
  "variables": {
    "Aborted": {
      "type": "string"
    },
    "Incomplete": {
      "type": "string"
    },
    "InstanceCount": {
      "type": "string"
    }

  },
  "metadata": {},
  "types": {
    "@decorators.getall_OicProcessCountTodayVr": {
      "endpoint": "getall_OicProcessCountTodayVr",
      "service": "businessObjects",
      "path": "response"
    },
    "@decorators.getallOicCountLast30DaysVrResponse": {
      "endpoint": "getall_OicCountLast30DaysVr",
      "service": "businessObjects",
      "path": "response"
    },
    "@decorators.getallOicCountLast7DaysVrResponse": {
      "endpoint": "getall_OicCountLast7DaysVr",
      "service": "businessObjects",
      "path": "response"
    },
    "@decorators.getallOicCountYesterdayVrResponse": {
      "endpoint": "getall_OicCountYesterdayVr",
      "service": "businessObjects",
      "path": "response"
    },
    "@decorators.getallXxoodOicProcessCountVResponse7": {
      "endpoint": "getall_XxoodOicProcessCountV",
      "service": "businessObjects",
      "path": "response"
    },
    "@decorators.getallXxoodOicProcessCountVrResponse": {
      "endpoint": "getall_XxoodOicProcessCountVr",
      "service": "businessObjects",
      "path": "response"
    },
    "@decorators.getallXxoodOicProcessCountVrResponse2": {
      "endpoint": "getall_XxoodOicProcessCountVr",
      "service": "businessObjects",
      "path": "response"
    },
    "getall_OicProcessCountTodayVr": {
      "items": [
        {
          "links": [
            {
              "href": "string",
              "kind": "string",
              "name": "string",
              "properties": {
                "changeIndicator": "string"
              },
              "rel": "string"
            }
          ],
          "metric": "string",
          "value": "number"
        }
      ]
    },
    "getallOicCountLast30DaysVrResponse": {
      "items": [
        {
          "metric": "string",
          "value": "number"
        }
      ]
    },
    "getallOicCountLast7DaysVrResponse": {
      "items": [
        {
          "metric": "string",
          "value": "number"
        }
      ]
    },
    "getallOicCountYesterdayVrResponse": {
      "items": [
        {
          "metric": "string",
          "value": "number"
        }
      ]
    },
    "getallXxoodOicProcessCountVResponse7": {
      "items": [
        {
          "abortedCount": "number",
          "activeIntegrationCount": "number",
          "errorCount": "number",
          "successCount": "number"
        }
      ]
    },
    "getallXxoodOicProcessCountVrResponse": {
      "items": [
        {
          "metric": "string",
          "value": "number"
        }
      ]
    },
    "getallXxoodOicProcessCountVrResponse2": {
      "items": [
        {
          "metric": "string",
          "value": "number"
        }
      ]
    }

  },
  "eventListeners": {
    "cardAction": {
      "chains": [
        {
          "chain": "cardAction"
        }
      ]
    },
    "cardAction2": {
      "chains": [
        {
          "chain": "CardActionChain"
        }
      ]
    },
    "cardAction3": {
      "chains": [
        {
          "chain": "CardActionChain1"
        }
      ]
    },
    "cardOneAction": {
      "chains": [
        {
          "chain": "cardOneAction"
        }
      ]
    },
    "panelClick": {
      "chains": [
        {
          "chain": "PanelClickChain"
        }
      ]
    },
    "panelClick2": {
      "chains": [
        {
          "chain": "PanelClickChain1"
        }
      ]
    },
    "vbEnter": {
      "chains": [
        {
          "parameters": {},
          "chain": "DashboardDataLoad"
        }
      ]
    }

  },
  "imports": {
    "components": {
      "oj-action-card": {
        "path": "ojs/ojactioncard"
      },
      "oj-chart": {
        "path": "ojs/ojchart"
      },
      "oj-chart-item": {
        "path": "ojs/ojchart"
      },
      "oj-chart-series": {
        "path": "ojs/ojchart"
      },
      "oj-combobox-one": {
        "path": "ojs/ojselectcombobox"
      },
      "oj-option": {
        "path": "ojs/ojoption"
      }

    }
  },
  "constants": {}
}
