{
    "openapi": "3.0.0",
    "info": {
        "version": "11.13.18.05",
        "title": "Human Capital Management",
        "x-vb": {
            "serviceType": "adf-describe",
            "transforms": {
                "path": "vb/BusinessObjectsTransforms"
            }
        }
    },
    "servers": [
        {
            "url": "vb-catalog://backends/hcmRestApi/11.13.18.05"
        }
    ],
    "tags": [
        {
            "name": "publicWorkers"
        }
    ],
    "paths": {
        "/publicWorkers": {
            "get": {
                "tags": [
                    "publicWorkers"
                ],
                "summary": "Get all",
                "operationId": "getall_publicWorkers",
                "parameters": [
                    {
                        "$ref": "#/components/parameters/expand"
                    },
                    {
                        "$ref": "#/components/parameters/fields"
                    },
                    {
                        "$ref": "#/components/parameters/onlyData"
                    },
                    {
                        "$ref": "#/components/parameters/links"
                    },
                    {
                        "$ref": "#/components/parameters/limit"
                    },
                    {
                        "$ref": "#/components/parameters/offset"
                    },
                    {
                        "$ref": "#/components/parameters/totalResults"
                    },
                    {
                        "$ref": "#/components/parameters/q"
                    },
                    {
                        "$ref": "#/components/parameters/orderBy"
                    },
                    {
                        "$ref": "vb-catalog://backends/hcmRestApi/11.13.18.05/describe?partialDescriptionForCatalogOpenAPI=publicWorkers#/components/parameters/publicWorkers-finder"
                    },
                    {
                        "$ref": "#/components/parameters/REST-Framework-Version"
                    },
                    {
                        "$ref": "#/components/parameters/Metadata-Context"
                    }
                ],
                "responses": {
                    "default": {
                        "$ref": "vb-catalog://backends/hcmRestApi/11.13.18.05/describe?partialDescriptionForCatalogOpenAPI=publicWorkers#/components/responses/publicWorkers-collection-response"
                    }
                }
            }
        },
        "/publicWorkers/{personId}/child/assignments": {
            "parameters": [
                {
                    "name": "personId",
                    "in": "path",
                    "required": true,
                    "schema": {
                        "type": "string"
                    },
                    "x-vb": {
                        "defaultValue": "300000004494452"
                    }
                }
            ],
            "get": {
                "operationId": "getWorkersAssignments",
                "responses": {
                    "default": {
                        "description": "Response for default",
                        "content": {
                            "application/json": {
                                "schema": {
                                    "$ref": "#/components/schemas/GetPublicWorkersPersonIdChildAssignments"
                                },
                                "examples": {
                                    "vb": {
                                        "summary": "Example stored by VB User",
                                        "externalValue": "./examples/getPublicWorkersPersonIdChildAssignments/response_default_application_json_vb.json"
                                    }
                                }
                            }
                        }
                    }
                },
                "x-vb": {
                    "actionHint": "getMany"
                }
            }
        },
        "/publicWorkers/{personId}/child/assignments/{assignmentId}/child/managers": {
            "parameters": [
                {
                    "name": "personId",
                    "in": "path",
                    "required": true,
                    "schema": {
                        "type": "string"
                    },
                    "x-vb": {
                        "defaultValue": "300000004494452"
                    }
                },
                {
                    "name": "assignmentId",
                    "in": "path",
                    "required": true,
                    "schema": {
                        "type": "string"
                    },
                    "x-vb": {
                        "defaultValue": "300000004494467"
                    }
                }
            ],
            "get": {
                "operationId": "getWorkersAssignmentsManagers",
                "responses": {
                    "default": {
                        "description": "Response for default",
                        "content": {
                            "application/json": {
                                "schema": {
                                    "$ref": "#/components/schemas/GetPublicWorkersPersonIdChildAssignmentsAssignmentIdChildManagers"
                                },
                                "examples": {
                                    "vb": {
                                        "summary": "Example stored by VB User",
                                        "externalValue": "./examples/getPublicWorkersPersonIdChildAssignmentsAssignmentIdChildManagers/response_default_application_json_vb.json"
                                    }
                                }
                            }
                        }
                    }
                },
                "x-vb": {
                    "actionHint": "getMany"
                }
            }
        },
        "/userAccounts": {
            "get": {
                "operationId": "getUserAccountRoles",
                "parameters": [
                    {
                        "name": "q",
                        "in": "query",
                        "schema": {
                            "type": "string"
                        },
                        "x-vb": {
                            "defaultValue": "PersonId is not null and SuspendedFlag=false"
                        }
                    },
                    {
                        "name": "fields",
                        "in": "query",
                        "schema": {
                            "type": "string"
                        },
                        "x-vb": {
                            "defaultValue": "PersonId,Username,GUID,userAccountRoles"
                        }
                    },
                    {
                        "name": "limit",
                        "in": "query",
                        "schema": {
                            "type": "string"
                        },
                        "x-vb": {
                            "defaultValue": "10"
                        }
                    },
                    {
                        "name": "expand",
                        "in": "query",
                        "schema": {
                            "type": "string"
                        },
                        "x-vb": {
                            "defaultValue": "userAccountRoles"
                        }
                    }
                ],
                "responses": {
                    "default": {
                        "description": "Response for default",
                        "content": {
                            "application/json": {
                                "schema": {
                                    "$ref": "#/components/schemas/GetUserAccounts"
                                },
                                "examples": {
                                    "vb": {
                                        "summary": "Example stored by VB User",
                                        "externalValue": "./examples/getUserAccounts2/response_default_application_json_vb.json"
                                    }
                                }
                            }
                        }
                    }
                },
                "x-vb": {
                    "actionHint": "getMany",
                    "queryParameters": {}
                }
            }
        },
        "/publicWorkers/{personId}/child/assignments/{assignmentId}/child/allReports": {
            "parameters": [
                {
                    "name": "personId",
                    "in": "path",
                    "required": true,
                    "schema": {
                        "type": "string"
                    },
                    "x-vb": {
                        "defaultValue": "300000006009201"
                    }
                },
                {
                    "name": "assignmentId",
                    "in": "path",
                    "required": true,
                    "schema": {
                        "type": "string"
                    },
                    "x-vb": {
                        "defaultValue": "300000006009213"
                    }
                }
            ],
            "get": {
                "operationId": "AllReports",
                "responses": {
                    "default": {
                        "description": "Response for default",
                        "content": {
                            "application/json": {
                                "schema": {
                                    "$ref": "#/components/schemas/GetPublicWorkersPersonIdChildAssignmentsAssignmentIdChildAllReports"
                                },
                                "examples": {
                                    "vb": {
                                        "summary": "Example stored by VB User",
                                        "externalValue": "./examples/getPublicWorkersPersonIdChildAssignmentsAssignmentIdChildAllReports/response_default_application_json_vb.json"
                                    }
                                }
                            }
                        }
                    }
                },
                "x-vb": {
                    "actionHint": "getMany"
                }
            }
        }
    },
    "components": {
        "parameters": {
            "expand": {
                "name": "expand",
                "in": "query",
                "schema": {
                    "type": "string"
                }
            },
            "fields": {
                "name": "fields",
                "in": "query",
                "schema": {
                    "type": "string"
                }
            },
            "onlyData": {
                "name": "onlyData",
                "in": "query",
                "schema": {
                    "type": "boolean"
                }
            },
            "links": {
                "name": "links",
                "in": "query",
                "schema": {
                    "type": "string"
                }
            },
            "limit": {
                "name": "limit",
                "in": "query",
                "schema": {
                    "type": "integer"
                }
            },
            "offset": {
                "name": "offset",
                "in": "query",
                "schema": {
                    "type": "integer"
                }
            },
            "totalResults": {
                "name": "totalResults",
                "in": "query",
                "schema": {
                    "type": "boolean"
                }
            },
            "q": {
                "name": "q",
                "in": "query",
                "schema": {
                    "type": "string"
                }
            },
            "orderBy": {
                "name": "orderBy",
                "in": "query",
                "schema": {
                    "type": "string"
                }
            },
            "REST-Framework-Version": {
                "name": "REST-Framework-Version",
                "in": "header",
                "schema": {
                    "type": "string",
                    "enum": [
                        "1",
                        "2",
                        "3",
                        "4",
                        "5",
                        "6",
                        "7",
                        "8",
                        "9"
                    ]
                }
            },
            "Metadata-Context": {
                "name": "Metadata-Context",
                "in": "header",
                "schema": {
                    "type": "string"
                }
            }
        },
        "schemas": {
            "GetPublicWorkersPersonIdChildAssignments": {
                "type": "object",
                "properties": {
                    "items": {
                        "type": "array",
                        "items": {
                            "type": "object",
                            "properties": {
                                "AssignmentId": {
                                    "type": "integer"
                                },
                                "AssignmentNumber": {
                                    "type": "string"
                                },
                                "AssignmentName": {
                                    "type": "string"
                                },
                                "LegalEmployerName": {
                                    "type": "string"
                                },
                                "StartDate": {
                                    "type": "string"
                                },
                                "PrimaryFlag": {
                                    "type": "boolean"
                                },
                                "PrimaryAssignmentFlag": {
                                    "type": "boolean"
                                },
                                "WorkerType": {
                                    "type": "string"
                                },
                                "WorkerNumber": {
                                    "nullable": true
                                },
                                "WorkAtHomeFlag": {
                                    "type": "boolean"
                                },
                                "FullPartTime": {
                                    "nullable": true
                                },
                                "ManagerName": {
                                    "nullable": true
                                },
                                "BusinessUnitName": {
                                    "type": "string"
                                },
                                "DepartmentName": {
                                    "nullable": true
                                },
                                "JobCode": {
                                    "nullable": true
                                },
                                "JobName": {
                                    "nullable": true
                                },
                                "PositionCode": {
                                    "nullable": true
                                },
                                "PositionName": {
                                    "nullable": true
                                },
                                "LocationCode": {
                                    "nullable": true
                                },
                                "LocationName": {
                                    "nullable": true
                                },
                                "GradeCode": {
                                    "nullable": true
                                },
                                "GradeName": {
                                    "nullable": true
                                },
                                "InternalBuilding": {
                                    "nullable": true
                                },
                                "InternalFloor": {
                                    "nullable": true
                                },
                                "InternalOfficeNumber": {
                                    "nullable": true
                                },
                                "InternalMailstop": {
                                    "nullable": true
                                },
                                "LocationAddressLine1": {
                                    "nullable": true
                                },
                                "LocationAddressLine2": {
                                    "nullable": true
                                },
                                "LocationAddressLine3": {
                                    "nullable": true
                                },
                                "LocationAddressLine4": {
                                    "nullable": true
                                },
                                "LocationRegion1": {
                                    "nullable": true
                                },
                                "LocationRegion2": {
                                    "nullable": true
                                },
                                "LocationRegion3": {
                                    "nullable": true
                                },
                                "LocationTownOrCity": {
                                    "nullable": true
                                },
                                "LocationPostalCode": {
                                    "nullable": true
                                },
                                "LocationCountry": {
                                    "nullable": true
                                },
                                "LocationLongPostalCode": {
                                    "nullable": true
                                },
                                "LocationTimezoneCode": {
                                    "nullable": true
                                },
                                "LocationSingleLineAddress": {
                                    "type": "string"
                                },
                                "LocationMultiLineAddress": {
                                    "type": "string"
                                },
                                "LengthOfServiceYears": {
                                    "type": "integer"
                                },
                                "LengthOfServiceMonths": {
                                    "type": "integer"
                                },
                                "LengthOfServiceDays": {
                                    "type": "integer"
                                },
                                "MarkedAsFavoriteFlag": {
                                    "type": "boolean"
                                },
                                "links": {
                                    "type": "array",
                                    "items": {
                                        "type": "object",
                                        "properties": {
                                            "rel": {
                                                "type": "string"
                                            },
                                            "href": {
                                                "type": "string"
                                            },
                                            "name": {
                                                "type": "string"
                                            },
                                            "kind": {
                                                "type": "string"
                                            }
                                        }
                                    }
                                }
                            }
                        }
                    },
                    "count": {
                        "type": "integer"
                    },
                    "hasMore": {
                        "type": "boolean"
                    },
                    "limit": {
                        "type": "integer"
                    },
                    "offset": {
                        "type": "integer"
                    },
                    "links": {
                        "type": "array",
                        "items": {
                            "type": "object",
                            "properties": {
                                "rel": {
                                    "type": "string"
                                },
                                "href": {
                                    "type": "string"
                                },
                                "name": {
                                    "type": "string"
                                },
                                "kind": {
                                    "type": "string"
                                }
                            }
                        }
                    }
                }
            },
            "GetPublicWorkersPersonIdChildAssignmentsAssignmentIdChildManagers": {
                "type": "object",
                "properties": {
                    "items": {
                        "type": "array",
                        "items": {
                            "type": "object",
                            "properties": {
                                "AssignmentSupervisorId": {
                                    "type": "integer"
                                },
                                "ManagerPersonId": {
                                    "type": "integer"
                                },
                                "ManagerPersonNumber": {
                                    "type": "string"
                                },
                                "FirstName": {
                                    "type": "string"
                                },
                                "LastName": {
                                    "type": "string"
                                },
                                "DisplayName": {
                                    "type": "string"
                                },
                                "KnownAs": {
                                    "nullable": true
                                },
                                "ManagerAssignmentId": {
                                    "type": "integer"
                                },
                                "ManagerAssignmentNumber": {
                                    "type": "string"
                                },
                                "ManagerAssignmentName": {
                                    "type": "string"
                                },
                                "ManagerType": {
                                    "type": "string"
                                },
                                "ManagerTypeMeaning": {
                                    "type": "string"
                                },
                                "JobCode": {
                                    "type": "string"
                                },
                                "JobName": {
                                    "type": "string"
                                },
                                "PositionCode": {
                                    "nullable": true
                                },
                                "PositionName": {
                                    "nullable": true
                                },
                                "PhotoId": {
                                    "nullable": true
                                },
                                "PhotoName": {
                                    "nullable": true
                                },
                                "Photo": {
                                    "nullable": true
                                },
                                "WorkEmail": {
                                    "type": "string"
                                },
                                "links": {
                                    "type": "array",
                                    "items": {
                                        "type": "object",
                                        "properties": {
                                            "rel": {
                                                "type": "string"
                                            },
                                            "href": {
                                                "type": "string"
                                            },
                                            "name": {
                                                "type": "string"
                                            },
                                            "kind": {
                                                "type": "string"
                                            },
                                            "properties": {
                                                "type": "object",
                                                "properties": {
                                                    "changeIndicator": {
                                                        "type": "string"
                                                    }
                                                }
                                            }
                                        }
                                    }
                                }
                            }
                        }
                    },
                    "count": {
                        "type": "integer"
                    },
                    "hasMore": {
                        "type": "boolean"
                    },
                    "limit": {
                        "type": "integer"
                    },
                    "offset": {
                        "type": "integer"
                    },
                    "links": {
                        "type": "array",
                        "items": {
                            "type": "object",
                            "properties": {
                                "rel": {
                                    "type": "string"
                                },
                                "href": {
                                    "type": "string"
                                },
                                "name": {
                                    "type": "string"
                                },
                                "kind": {
                                    "type": "string"
                                }
                            }
                        }
                    }
                }
            },
            "GetUserAccounts": {
                "type": "object",
                "properties": {
                    "items": {
                        "type": "array",
                        "items": {
                            "type": "object",
                            "properties": {
                                "PersonId": {
                                    "type": "integer"
                                },
                                "Username": {
                                    "type": "string"
                                },
                                "GUID": {
                                    "type": "string"
                                },
                                "userAccountRoles": {
                                    "type": "object",
                                    "properties": {
                                        "items": {
                                            "type": "array",
                                            "items": {
                                                "type": "object",
                                                "properties": {
                                                    "UserRoleId": {
                                                        "type": "integer"
                                                    },
                                                    "RoleId": {
                                                        "type": "integer"
                                                    },
                                                    "RoleCode": {
                                                        "type": "string"
                                                    },
                                                    "CreatedBy": {
                                                        "type": "string"
                                                    },
                                                    "CreationDate": {
                                                        "type": "string"
                                                    },
                                                    "LastUpdatedBy": {
                                                        "type": "string"
                                                    },
                                                    "LastUpdateDate": {
                                                        "type": "string"
                                                    },
                                                    "links": {
                                                        "type": "array",
                                                        "items": {
                                                            "type": "object",
                                                            "properties": {
                                                                "rel": {
                                                                    "type": "string"
                                                                },
                                                                "href": {
                                                                    "type": "string"
                                                                },
                                                                "name": {
                                                                    "type": "string"
                                                                },
                                                                "kind": {
                                                                    "type": "string"
                                                                },
                                                                "properties": {
                                                                    "type": "object",
                                                                    "properties": {
                                                                        "changeIndicator": {
                                                                            "type": "string"
                                                                        }
                                                                    }
                                                                }
                                                            }
                                                        }
                                                    }
                                                }
                                            }
                                        },
                                        "count": {
                                            "type": "integer"
                                        },
                                        "hasMore": {
                                            "type": "boolean"
                                        },
                                        "limit": {
                                            "type": "integer"
                                        },
                                        "offset": {
                                            "type": "integer"
                                        },
                                        "links": {
                                            "type": "array",
                                            "items": {
                                                "type": "object",
                                                "properties": {
                                                    "rel": {
                                                        "type": "string"
                                                    },
                                                    "href": {
                                                        "type": "string"
                                                    },
                                                    "name": {
                                                        "type": "string"
                                                    },
                                                    "kind": {
                                                        "type": "string"
                                                    }
                                                }
                                            }
                                        }
                                    }
                                },
                                "links": {
                                    "type": "array",
                                    "items": {
                                        "type": "object",
                                        "properties": {
                                            "rel": {
                                                "type": "string"
                                            },
                                            "href": {
                                                "type": "string"
                                            },
                                            "name": {
                                                "type": "string"
                                            },
                                            "kind": {
                                                "type": "string"
                                            },
                                            "properties": {
                                                "type": "object",
                                                "properties": {
                                                    "changeIndicator": {
                                                        "type": "string"
                                                    }
                                                }
                                            }
                                        }
                                    }
                                }
                            }
                        }
                    },
                    "count": {
                        "type": "integer"
                    },
                    "hasMore": {
                        "type": "boolean"
                    },
                    "limit": {
                        "type": "integer"
                    },
                    "offset": {
                        "type": "integer"
                    },
                    "links": {
                        "type": "array",
                        "items": {
                            "type": "object",
                            "properties": {
                                "rel": {
                                    "type": "string"
                                },
                                "href": {
                                    "type": "string"
                                },
                                "name": {
                                    "type": "string"
                                },
                                "kind": {
                                    "type": "string"
                                }
                            }
                        }
                    }
                }
            },
            "GetPublicWorkersPersonIdChildAssignmentsAssignmentIdChildAllReports": {
                "type": "object",
                "properties": {
                    "items": {
                        "type": "array",
                        "items": {
                            "type": "object",
                            "properties": {
                                "AssignmentId": {
                                    "type": "integer"
                                },
                                "PersonId": {
                                    "type": "integer"
                                },
                                "PersonNumber": {
                                    "type": "string"
                                },
                                "AssignmentNumber": {
                                    "type": "string"
                                },
                                "AssignmentName": {
                                    "type": "string"
                                },
                                "LocationId": {
                                    "type": "integer"
                                },
                                "DepartmentId": {
                                    "type": "integer"
                                },
                                "WorkerType": {
                                    "type": "string"
                                },
                                "FirstName": {
                                    "type": "string"
                                },
                                "LastName": {
                                    "type": "string"
                                },
                                "DisplayName": {
                                    "type": "string"
                                },
                                "KnownAs": {
                                    "nullable": true
                                },
                                "RelationshipType": {
                                    "type": "string"
                                },
                                "RelationshipTypeMeaning": {
                                    "type": "string"
                                },
                                "Level": {
                                    "type": "integer"
                                },
                                "ManagerPersonNumber": {
                                    "type": "string"
                                },
                                "ManagerAssignmentNumber": {
                                    "type": "string"
                                },
                                "PhotoId": {
                                    "nullable": true
                                },
                                "PhotoName": {
                                    "nullable": true
                                },
                                "Photo": {
                                    "nullable": true
                                },
                                "links": {
                                    "type": "array",
                                    "items": {
                                        "type": "object",
                                        "properties": {
                                            "rel": {
                                                "type": "string"
                                            },
                                            "href": {
                                                "type": "string"
                                            },
                                            "name": {
                                                "type": "string"
                                            },
                                            "kind": {
                                                "type": "string"
                                            },
                                            "properties": {
                                                "type": "object",
                                                "properties": {
                                                    "changeIndicator": {
                                                        "type": "string"
                                                    }
                                                }
                                            }
                                        }
                                    }
                                }
                            }
                        }
                    },
                    "count": {
                        "type": "integer"
                    },
                    "hasMore": {
                        "type": "boolean"
                    },
                    "limit": {
                        "type": "integer"
                    },
                    "offset": {
                        "type": "integer"
                    },
                    "links": {
                        "type": "array",
                        "items": {
                            "type": "object",
                            "properties": {
                                "rel": {
                                    "type": "string"
                                },
                                "href": {
                                    "type": "string"
                                },
                                "name": {
                                    "type": "string"
                                },
                                "kind": {
                                    "type": "string"
                                }
                            }
                        }
                    }
                }
            }
        }
    }
}