[
    {
        "id": 5171089004,
        "name": "Greenhouse Admin",
        "first_name": "Greenhouse",
        "last_name": "Admin",
        "primary_email_address": "scrubbed_email_zl_gh6xopuhlhr0xd9vn6a@example.com",
        "updated_at": "2025-07-25T03:59:46.122Z",
        "created_at": "2025-07-25T03:59:46.122Z",
        "disabled": false,
        "site_admin": true,
        "emails": [
            "scrubbed_email_zl_gh6xopuhlhr0xd9vn6a@example.com"
        ],
        "employee_id": null,
        "linked_candidate_ids": [],
        "offices": [],
        "departments": []
    },
    {
        "id": 5171090004,
        "name": "SVC-OIC GH",
        "first_name": "SVC-OIC",
        "last_name": "GH",
        "primary_email_address": "svc-oic-gh@kaseya.com",
        "updated_at": "2025-07-30T22:54:18.252Z",
        "created_at": "2025-07-25T03:59:46.122Z",
        "disabled": false,
        "site_admin": true,
        "emails": [
            "svc-oic-gh@kaseya.com"
        ],
        "employee_id": null,
        "linked_candidate_ids": [],
        "offices": [],
        "departments": []
    }
]