{
    "roleMapping": {
        "idcsHostUrl": "https://idcs-536f11d5e9a84747a92c0013b486c935.identity.oraclecloud.com:443",
        "roles": {
            "PaaS": {
                "base_configuration": {
                    "users": [ ],
                    "groups": [
                        {
                            "id": "fcad1d467b0b4220ba0b5c716cbc0f3a",
                            "displayName": "ksy_ood_paas_grp_jr"
                        }
                    ]
                }
            },
            "SaaS": {
                "base_configuration": {
                    "users": [ ],
                    "groups": [
                        {
                            "id": "764b9542d3f04f9c82c67693ef288a0f",
                            "displayName": "ksy_ood_saas_grp_jr"
                        }
                    ]
                }
            },
            "IaaS": {
                "base_configuration": {
                    "users": [ ],
                    "groups": [
                        {
                            "id": "ab5da450b15d4aba9007497a88ece94c",
                            "displayName": "ksy_ood_iaas_grp_jr"
                        }
                    ]
                }
            }
        }
    }
}