{
    "openapi": "3.0.0",
    "info": {
        "title": "GreenhouseBackEnd",
        "version": "1.0.0"
    },
    "servers": [
        {
            "url": "vb-catalog://backends/GreenhouseBackEnd",
            "description": "GreenhouseBackEnd"
        }
    ],
    "paths": {
        "/users": {
            "get": {
                "operationId": "getall_users_gh",
                "parameters": [
                    {
                        "name": "email",
                        "in": "query",
                        "schema": {
                            "type": "string"
                        }
                    }
                ],
                "responses": {
                    "default": {
                        "description": "Default response",
                        "content": {
                            "application/json": {
                                "schema": {
                                    "$ref": "#/components/schemas/GetUsers"
                                },
                                "examples": {
                                    "vb": {
                                        "externalValue": "./examples/get/response_default_application_json_vb.json"
                                    }
                                }
                            }
                        }
                    }
                },
                "x-vb": {
                    "actionHint": "getMany"
                }
            }
        }
    },
    "components": {
        "schemas": {
            "GetUsers": {
                "type": "array",
                "items": {
                    "type": "object",
                    "properties": {
                        "id": {
                            "type": "integer"
                        },
                        "name": {
                            "type": "string"
                        },
                        "first_name": {
                            "type": "string"
                        },
                        "last_name": {
                            "type": "string"
                        },
                        "primary_email_address": {
                            "type": "string"
                        },
                        "updated_at": {
                            "type": "string"
                        },
                        "created_at": {
                            "type": "string"
                        },
                        "disabled": {
                            "type": "boolean"
                        },
                        "site_admin": {
                            "type": "boolean"
                        },
                        "emails": {
                            "type": "array",
                            "items": {
                                "type": "string"
                            }
                        },
                        "employee_id": {
                            "nullable": true
                        },
                        "linked_candidate_ids": {
                            "type": "array",
                            "items": {}
                        },
                        "offices": {
                            "type": "array",
                            "items": {}
                        },
                        "departments": {
                            "type": "array",
                            "items": {}
                        }
                    }
                }
            }
        }
    }
}