{
    "openapi": "3.0.0",
    "info": {
        "title": "getall_organizations",
        "version": "1.0.0"
    },
    "servers": [
        {
            "url": "vb-catalog://backends/hcmRestApi",
            "description": "HcmRestApi"
        }
    ],
    "paths": {
        "/latest/organizations": {
            "get": {
                "operationId": "getLatestOrganizations",
                "responses": {
                    "default": {
                        "description": "Response for default",
                        "content": {
                            "application/json": {
                                "schema": {
                                    "$ref": "#/components/schemas/GetLatestOrganizations"
                                },
                                "examples": {
                                    "vb": {
                                        "summary": "Example stored by VB User",
                                        "externalValue": "./examples/getLatestOrganizations/response_default_application_json_vb.json"
                                    }
                                }
                            }
                        }
                    }
                },
                "x-vb": {
                    "actionHint": "getMany",
                    "queryParameters": {
                        "limit": "200",
                        "onlyData": "true",
                        "fields": "Name,OrganizationId;OrganizationDFF:ksyGreenhouseParentid",
                        "q": "Status='A' and ClassificationCode='DEPARTMENT' and OrganizationDFF.ksyGreenhouseParentid IS NOT NULL"
                    }
                }
            }
        }
    },
    "components": {
        "schemas": {
            "GetLatestOrganizations": {
                "type": "object",
                "properties": {
                    "items": {
                        "type": "array",
                        "items": {
                            "type": "object",
                            "properties": {
                                "Name": {
                                    "type": "string"
                                },
                                "OrganizationId": {
                                    "type": "integer"
                                },
                                "OrganizationDFF": {
                                    "type": "object",
                                    "properties": {
                                        "items": {
                                            "type": "array",
                                            "items": {
                                                "type": "object",
                                                "properties": {
                                                    "ksyGreenhouseParentid": {
                                                        "type": "string"
                                                    }
                                                }
                                            }
                                        },
                                        "count": {
                                            "type": "integer"
                                        },
                                        "hasMore": {
                                            "type": "boolean"
                                        },
                                        "limit": {
                                            "type": "integer"
                                        },
                                        "offset": {
                                            "type": "integer"
                                        },
                                        "links": {
                                            "type": "array",
                                            "items": {
                                                "type": "object",
                                                "properties": {
                                                    "rel": {
                                                        "type": "string"
                                                    },
                                                    "href": {
                                                        "type": "string"
                                                    },
                                                    "name": {
                                                        "type": "string"
                                                    },
                                                    "kind": {
                                                        "type": "string"
                                                    }
                                                }
                                            }
                                        }
                                    }
                                }
                            }
                        }
                    },
                    "count": {
                        "type": "integer"
                    },
                    "hasMore": {
                        "type": "boolean"
                    },
                    "limit": {
                        "type": "integer"
                    },
                    "offset": {
                        "type": "integer"
                    },
                    "links": {
                        "type": "array",
                        "items": {
                            "type": "object",
                            "properties": {
                                "rel": {
                                    "type": "string"
                                },
                                "href": {
                                    "type": "string"
                                },
                                "name": {
                                    "type": "string"
                                },
                                "kind": {
                                    "type": "string"
                                }
                            }
                        }
                    }
                }
            }
        }
    }
}