{
    "fields": [
        {
            "type": "string",
            "name": "requestId",
            "key": true,
            "oid": "51dae1a0-fcf1-4031-bf1f-ba7195513b8a",
            "columnName": "REQUEST_ID",
            "updatable": false,
            "required": true,
            "unique": true,
            "indexed": true,
            "displayLabel": "Request Id",
            "maxLength": 50
        },
        {
            "type": "string",
            "name": "status",
            "oid": "17575e70-0121-497b-8c09-93cd0006b4b6",
            "columnName": "STATUS",
            "updatable": true,
            "displayLabel": "Status",
            "maxLength": 50
        },
        {
            "type": "string",
            "name": "name",
            "oid": "d771f090-8028-4c66-b1bc-35afcc6ca5af",
            "columnName": "NAME",
            "updatable": true,
            "displayLabel": "Name",
            "maxLength": 1000
        },
        {
            "type": "datetime",
            "name": "processStart",
            "oid": "05b86402-5bab-4700-953d-85c8c07c03a8",
            "columnName": "PROCESS_START",
            "updatable": true,
            "displayLabel": "Process Start"
        },
        {
            "type": "datetime",
            "name": "processEnd",
            "oid": "5d30904f-03a7-4d65-a0fa-105a0b7b67c6",
            "columnName": "PROCESS_END",
            "updatable": true,
            "displayLabel": "Process End"
        },
        {
            "type": "string",
            "name": "jobType",
            "oid": "2f33a98a-2af3-4dd9-ac0f-46a5cbcec419",
            "columnName": "JOB_TYPE",
            "updatable": true,
            "displayLabel": "Job Type",
            "maxLength": 50
        },
        {
            "type": "string",
            "name": "jobCreatedBy",
            "oid": "d1f4c5d5-160e-49c7-9ad9-0f9ff3646321",
            "columnName": "JOB_CREATED_BY",
            "updatable": true,
            "displayLabel": "Job Created By",
            "maxLength": 250
        },
        {
            "type": "string",
            "name": "createdBy",
            "oid": "c10e79df-91c5-4036-bffc-8d69d73755b3",
            "columnName": "CREATED_BY",
            "updatable": true,
            "displayLabel": "Created By",
            "maxLength": 250
        },
        {
            "type": "string",
            "name": "lastUpdatedBy",
            "oid": "2345024b-97f4-44b4-bcc3-f261d4edd63f",
            "columnName": "LAST_UPDATED_BY",
            "updatable": true,
            "displayLabel": "Last Updated By",
            "maxLength": 250
        },
        {
            "type": "datetime",
            "name": "creationDate",
            "oid": "e31cd92f-cdf9-45f7-bcb0-27c6324e5728",
            "columnName": "CREATION_DATE",
            "updatable": true,
            "displayLabel": "Creation Date"
        },
        {
            "type": "datetime",
            "name": "lastUpdateDate",
            "oid": "89c9622b-f90a-4e7e-8954-f311fa969d12",
            "columnName": "LAST_UPDATE_DATE",
            "updatable": true,
            "displayLabel": "Last Update Date"
        },
        {
            "type": "number",
            "name": "ucmDocumentId",
            "oid": "32c3039a-227e-4099-906b-5fcbcad8ac37",
            "columnName": "UCM_DOCUMENT_ID",
            "updatable": true,
            "displayLabel": "Ucm Document Id"
        },
        {
            "type": "number",
            "name": "parentjobid",
            "oid": "9faeb9ac-433b-4a39-9bb5-55587b3924df",
            "columnName": "PARENTJOBID",
            "updatable": true,
            "displayLabel": "Parentjobid"
        }
    ],
    "name": "EssBiccDetailTable",
    "oid": "e0bcdece-1982-4c7c-a8aa-f0e6eabd1b6f",
    "displayLabel": "Ess Bicc Detail Table",
    "tableName": "\"XXOOD_XXI021_ESS_BICC_DETAIL_TABLE\"",
    "security": {
        "type": "local",
        "acl": [
            {
                "roleId": "IaaS",
                "privileges": [
                    {
                        "name": "view",
                        "value": true
                    },
                    {
                        "name": "create",
                        "value": true
                    },
                    {
                        "name": "update",
                        "value": true
                    },
                    {
                        "name": "delete",
                        "value": true
                    }
                ]
            },
            {
                "roleId": "PaaS",
                "privileges": [
                    {
                        "name": "view",
                        "value": true
                    },
                    {
                        "name": "create",
                        "value": true
                    },
                    {
                        "name": "update",
                        "value": true
                    },
                    {
                        "name": "delete",
                        "value": true
                    }
                ]
            },
            {
                "roleId": "SaaS",
                "privileges": [
                    {
                        "name": "view",
                        "value": true
                    },
                    {
                        "name": "create",
                        "value": true
                    },
                    {
                        "name": "update",
                        "value": true
                    },
                    {
                        "name": "delete",
                        "value": true
                    }
                ]
            },
            {
                "roleId": "approle.anonymous.user",
                "privileges": [
                    {
                        "name": "view",
                        "value": false
                    },
                    {
                        "name": "create",
                        "value": false
                    },
                    {
                        "name": "update",
                        "value": false
                    },
                    {
                        "name": "delete",
                        "value": false
                    }
                ]
            },
            {
                "roleId": "approle.authenticated.user",
                "privileges": [
                    {
                        "name": "view",
                        "value": true
                    },
                    {
                        "name": "create",
                        "value": true
                    },
                    {
                        "name": "update",
                        "value": true
                    },
                    {
                        "name": "delete",
                        "value": true
                    }
                ]
            }
        ]
    }
}