[
    {
        "id": 21831209004,
        "name": "Job Type",
        "active": true,
        "field_type": "job",
        "priority": 2,
        "value_type": "single_select",
        "private": false,
        "required": false,
        "require_approval": false,
        "trigger_new_version": false,
        "name_key": "job_type",
        "description": "New, Backfill, Shadow, Internal Transfer, Contractor",
        "expose_in_job_board_api": false,
        "api_only": false,
        "offices": [],
        "departments": [],
        "template_token_string": "{{JOB_TYPE}}",
        "custom_field_options": [
            {
                "id": 20712708004,
                "name": "New Position",
                "priority": 0,
                "external_id": null
            },
            {
                "id": 20712709004,
                "name": "Replacement-Standard Req",
                "priority": 1,
                "external_id": null
            },
            {
                "id": 20712710004,
                "name": "Replacement-Shadow Req",
                "priority": 2,
                "external_id": null
            },
            {
                "id": 20712711004,
                "name": "Contractor",
                "priority": 3,
                "external_id": null
            }
        ]
    },
    {
        "id": 21831210004,
        "name": "Backfill Name",
        "active": true,
        "field_type": "job",
        "priority": 3,
        "value_type": "short_text",
        "private": false,
        "required": false,
        "require_approval": false,
        "trigger_new_version": false,
        "name_key": "backfill_name",
        "description": null,
        "expose_in_job_board_api": false,
        "api_only": false,
        "offices": [],
        "departments": [],
        "template_token_string": null,
        "custom_field_options": []
    },
    {
        "id": 21831211004,
        "name": "Termination Date",
        "active": true,
        "field_type": "job",
        "priority": 4,
        "value_type": "date",
        "private": false,
        "required": false,
        "require_approval": false,
        "trigger_new_version": false,
        "name_key": "termination_date",
        "description": null,
        "expose_in_job_board_api": false,
        "api_only": false,
        "offices": [],
        "departments": [],
        "template_token_string": null,
        "custom_field_options": []
    },
    {
        "id": 21831238004,
        "name": "Manage Others",
        "active": true,
        "field_type": "job",
        "priority": 5,
        "value_type": "yes_no",
        "private": false,
        "required": true,
        "require_approval": false,
        "trigger_new_version": false,
        "name_key": "manage_others",
        "description": null,
        "expose_in_job_board_api": false,
        "api_only": false,
        "offices": [],
        "departments": [],
        "template_token_string": null,
        "custom_field_options": []
    },
    {
        "id": 21831266004,
        "name": "Salary Range (USD)",
        "active": true,
        "field_type": "job",
        "priority": 6,
        "value_type": "currency_range",
        "private": false,
        "required": true,
        "require_approval": false,
        "trigger_new_version": false,
        "name_key": "salary_job_1641382351.3796115",
        "description": "Salary",
        "expose_in_job_board_api": false,
        "api_only": false,
        "offices": [],
        "departments": [],
        "template_token_string": null,
        "custom_field_options": []
    },
    {
        "id": 21831267004,
        "name": "Salary Range (Local Currency)",
        "active": true,
        "field_type": "job",
        "priority": 7,
        "value_type": "currency",
        "private": false,
        "required": true,
        "require_approval": false,
        "trigger_new_version": false,
        "name_key": "salary_range__local_currency_",
        "description": null,
        "expose_in_job_board_api": false,
        "api_only": false,
        "offices": [
            {
                "id": 4067197004,
                "name": "APAC",
                "location": {
                    "name": null
                },
                "primary_contact_user_id": null,
                "parent_id": null,
                "parent_office_external_id": null,
                "child_ids": [
                    4067222004,
                    4068709004,
                    4068715004,
                    4068717004,
                    4067237004,
                    4068719004,
                    4067200004
                ],
                "child_office_external_ids": [
                    "",
                    "",
                    "",
                    "",
                    "",
                    "",
                    ""
                ],
                "external_id": ""
            },
            {
                "id": 4067200004,
                "name": "Australia",
                "location": {
                    "name": "Sydney, New South Wales, Australia"
                },
                "primary_contact_user_id": null,
                "parent_id": 4067197004,
                "parent_office_external_id": "",
                "child_ids": [
                    4068724004,
                    4068753004,
                    4068742004,
                    4068809004,
                    4068777004,
                    4068751004,
                    4068806004
                ],
                "child_office_external_ids": [
                    "321702",
                    "321703",
                    "321001",
                    "321102",
                    "321901",
                    "321101",
                    "321701"
                ],
                "external_id": ""
            },
            {
                "id": 4067222004,
                "name": "India",
                "location": {
                    "name": "India"
                },
                "primary_contact_user_id": null,
                "parent_id": 4067197004,
                "parent_office_external_id": "",
                "child_ids": [
                    4068780004,
                    4068817004
                ],
                "child_office_external_ids": [
                    "311001",
                    "311101"
                ],
                "external_id": ""
            },
            {
                "id": 4067237004,
                "name": "New Zeland",
                "location": {
                    "name": "Auckland, Auckland, New Zealand"
                },
                "primary_contact_user_id": null,
                "parent_id": 4067197004,
                "parent_office_external_id": "",
                "child_ids": [
                    4068752004,
                    4068754004
                ],
                "child_office_external_ids": [
                    "322101",
                    "322001"
                ],
                "external_id": ""
            },
            {
                "id": 4067218004,
                "name": "EMEA",
                "location": {
                    "name": "Europe"
                },
                "primary_contact_user_id": null,
                "parent_id": null,
                "parent_office_external_id": null,
                "child_ids": [
                    4071121004,
                    4067263004,
                    4068711004,
                    4068712004,
                    4068718004,
                    4067220004,
                    4068720004,
                    4068721004,
                    4068722004,
                    4067234004,
                    4068706004,
                    4067250004,
                    4067259004,
                    4067223004,
                    4067242004,
                    4067255004,
                    4068713004
                ],
                "child_office_external_ids": [
                    "",
                    "",
                    "",
                    "",
                    "",
                    "",
                    "",
                    "",
                    "",
                    "",
                    "",
                    "",
                    "",
                    "",
                    "",
                    "",
                    ""
                ],
                "external_id": ""
            },
            {
                "id": 4067220004,
                "name": "Georgia",
                "location": {
                    "name": null
                },
                "primary_contact_user_id": null,
                "parent_id": 4067218004,
                "parent_office_external_id": "",
                "child_ids": [
                    4068766004
                ],
                "child_office_external_ids": [
                    "216001"
                ],
                "external_id": ""
            },
            {
                "id": 4067223004,
                "name": "Ireland",
                "location": {
                    "name": "Ireland"
                },
                "primary_contact_user_id": null,
                "parent_id": 4067218004,
                "parent_office_external_id": "",
                "child_ids": [
                    4067215004,
                    4068728004,
                    4068730004,
                    4068762004,
                    4068743004
                ],
                "child_office_external_ids": [
                    "",
                    "212001",
                    "212701",
                    "212102",
                    "212101"
                ],
                "external_id": ""
            },
            {
                "id": 4067215004,
                "name": "Dublin, Ireland",
                "location": {
                    "name": "Dublin, Ireland"
                },
                "primary_contact_user_id": null,
                "parent_id": 4067223004,
                "parent_office_external_id": "",
                "child_ids": [],
                "child_office_external_ids": [],
                "external_id": ""
            },
            {
                "id": 4067234004,
                "name": "Netherlands",
                "location": {
                    "name": null
                },
                "primary_contact_user_id": null,
                "parent_id": 4067218004,
                "parent_office_external_id": "",
                "child_ids": [
                    4067260004,
                    4068837004,
                    4068795004,
                    4068811004,
                    4068802004
                ],
                "child_office_external_ids": [
                    "",
                    "219101",
                    "219102",
                    "219001",
                    "219901"
                ],
                "external_id": ""
            },
            {
                "id": 4067260004,
                "name": "The Hague, Netherlands",
                "location": {
                    "name": "Den Haag, South Holland, Netherlands"
                },
                "primary_contact_user_id": null,
                "parent_id": 4067234004,
                "parent_office_external_id": "",
                "child_ids": [],
                "child_office_external_ids": [],
                "external_id": ""
            },
            {
                "id": 4067242004,
                "name": "Poland",
                "location": {
                    "name": null
                },
                "primary_contact_user_id": null,
                "parent_id": 4067218004,
                "parent_office_external_id": "",
                "child_ids": [
                    4067225004,
                    4068757004,
                    4068758004,
                    4068778004,
                    4068781004,
                    4068763004
                ],
                "child_office_external_ids": [
                    "",
                    "215101",
                    "217702",
                    "215001",
                    "215102",
                    "217701"
                ],
                "external_id": ""
            },
            {
                "id": 4067225004,
                "name": "Krakow, Poland",
                "location": {
                    "name": "Kraków, Lesser Poland Voivodeship, Poland"
                },
                "primary_contact_user_id": null,
                "parent_id": 4067242004,
                "parent_office_external_id": "",
                "child_ids": [],
                "child_office_external_ids": [],
                "external_id": ""
            },
            {
                "id": 4067250004,
                "name": "Romania",
                "location": {
                    "name": null
                },
                "primary_contact_user_id": null,
                "parent_id": 4067218004,
                "parent_office_external_id": "",
                "child_ids": [
                    4068842004
                ],
                "child_office_external_ids": [
                    "223001"
                ],
                "external_id": ""
            },
            {
                "id": 4067255004,
                "name": "Stockholm, Sweden (UPSTREAM)",
                "location": {
                    "name": "Stockholm, Stockholm, Sweden"
                },
                "primary_contact_user_id": null,
                "parent_id": 4067218004,
                "parent_office_external_id": "",
                "child_ids": [
                    4068815004,
                    4068761004
                ],
                "child_office_external_ids": [
                    "220001",
                    "220101"
                ],
                "external_id": ""
            },
            {
                "id": 4067259004,
                "name": "Tel Aviv, Israel",
                "location": {
                    "name": "Tel Aviv-Yafo, Tel Aviv District, Israel"
                },
                "primary_contact_user_id": null,
                "parent_id": 4067218004,
                "parent_office_external_id": "",
                "child_ids": [
                    4068725004,
                    4068750004
                ],
                "child_office_external_ids": [
                    "251101",
                    "251001"
                ],
                "external_id": ""
            },
            {
                "id": 4067263004,
                "name": "United Kingdom",
                "location": {
                    "name": null
                },
                "primary_contact_user_id": null,
                "parent_id": 4067218004,
                "parent_office_external_id": "",
                "child_ids": [
                    4067940004,
                    4068741004,
                    4068005004,
                    4068755004,
                    4068740004,
                    4067227004,
                    4068819004,
                    4068803004,
                    4068807004,
                    4068764004,
                    4068808004,
                    4068782004,
                    4068832004,
                    4068835004
                ],
                "child_office_external_ids": [
                    "211102",
                    "211001",
                    "KSY_05",
                    "211701",
                    "211105",
                    "",
                    "211702",
                    "211101",
                    "211901",
                    "211704",
                    "211703",
                    "211103",
                    "211104",
                    "211106"
                ],
                "external_id": ""
            },
            {
                "id": 4067227004,
                "name": "London, England",
                "location": {
                    "name": "London, England, United Kingdom"
                },
                "primary_contact_user_id": null,
                "parent_id": 4067263004,
                "parent_office_external_id": "",
                "child_ids": [],
                "child_office_external_ids": [],
                "external_id": ""
            },
            {
                "id": 4067253004,
                "name": "South America",
                "location": {
                    "name": null
                },
                "primary_contact_user_id": null,
                "parent_id": null,
                "parent_office_external_id": null,
                "child_ids": [
                    4067208004,
                    4068714004,
                    4068716004,
                    4068708004,
                    4068710004
                ],
                "child_office_external_ids": [
                    "",
                    "",
                    "",
                    "",
                    ""
                ],
                "external_id": ""
            },
            {
                "id": 4067208004,
                "name": "Colombia",
                "location": {
                    "name": null
                },
                "primary_contact_user_id": null,
                "parent_id": 4067253004,
                "parent_office_external_id": "",
                "child_ids": [
                    4068759004,
                    4068812004,
                    4068816004
                ],
                "child_office_external_ids": [
                    "122101",
                    "122102",
                    "122001"
                ],
                "external_id": ""
            }
        ],
        "departments": [],
        "template_token_string": null,
        "custom_field_options": []
    },
    {
        "id": 21831268004,
        "name": "Job Code",
        "active": true,
        "field_type": "job",
        "priority": 0,
        "value_type": "number",
        "private": false,
        "required": false,
        "require_approval": false,
        "trigger_new_version": false,
        "name_key": "job_code_job_1750947121.7309973",
        "description": null,
        "expose_in_job_board_api": false,
        "api_only": false,
        "offices": [],
        "departments": [],
        "template_token_string": null,
        "custom_field_options": []
    },
    {
        "id": 21831269004,
        "name": "Employment Type",
        "active": true,
        "field_type": "job",
        "priority": 1,
        "value_type": "single_select",
        "private": false,
        "required": false,
        "require_approval": true,
        "trigger_new_version": false,
        "name_key": "employment_type",
        "description": null,
        "expose_in_job_board_api": false,
        "api_only": false,
        "offices": [],
        "departments": [],
        "template_token_string": null,
        "custom_field_options": [
            {
                "id": 20712545004,
                "name": "Full-time",
                "priority": 0,
                "external_id": null
            },
            {
                "id": 20712546004,
                "name": "Part-time",
                "priority": 1,
                "external_id": null
            },
            {
                "id": 20712547004,
                "name": "Intern",
                "priority": 2,
                "external_id": null
            },
            {
                "id": 20712548004,
                "name": "Contract",
                "priority": 3,
                "external_id": null
            },
            {
                "id": 20712549004,
                "name": "Temporary",
                "priority": 4,
                "external_id": null
            }
        ]
    },
    {
        "id": 21831313004,
        "name": "Variable Compensation (Local Currency)",
        "active": true,
        "field_type": "job",
        "priority": 9,
        "value_type": "currency",
        "private": false,
        "required": true,
        "require_approval": false,
        "trigger_new_version": false,
        "name_key": "variable_compensation__local_currency_",
        "description": null,
        "expose_in_job_board_api": false,
        "api_only": false,
        "offices": [
            {
                "id": 4067208004,
                "name": "Colombia",
                "location": {
                    "name": null
                },
                "primary_contact_user_id": null,
                "parent_id": 4067253004,
                "parent_office_external_id": "",
                "child_ids": [
                    4068759004,
                    4068812004,
                    4068816004
                ],
                "child_office_external_ids": [
                    "122101",
                    "122102",
                    "122001"
                ],
                "external_id": ""
            },
            {
                "id": 4067197004,
                "name": "APAC",
                "location": {
                    "name": null
                },
                "primary_contact_user_id": null,
                "parent_id": null,
                "parent_office_external_id": null,
                "child_ids": [
                    4067222004,
                    4068709004,
                    4068715004,
                    4068717004,
                    4067237004,
                    4068719004,
                    4067200004
                ],
                "child_office_external_ids": [
                    "",
                    "",
                    "",
                    "",
                    "",
                    "",
                    ""
                ],
                "external_id": ""
            },
            {
                "id": 4067200004,
                "name": "Australia",
                "location": {
                    "name": "Sydney, New South Wales, Australia"
                },
                "primary_contact_user_id": null,
                "parent_id": 4067197004,
                "parent_office_external_id": "",
                "child_ids": [
                    4068724004,
                    4068753004,
                    4068742004,
                    4068809004,
                    4068777004,
                    4068751004,
                    4068806004
                ],
                "child_office_external_ids": [
                    "321702",
                    "321703",
                    "321001",
                    "321102",
                    "321901",
                    "321101",
                    "321701"
                ],
                "external_id": ""
            },
            {
                "id": 4067222004,
                "name": "India",
                "location": {
                    "name": "India"
                },
                "primary_contact_user_id": null,
                "parent_id": 4067197004,
                "parent_office_external_id": "",
                "child_ids": [
                    4068780004,
                    4068817004
                ],
                "child_office_external_ids": [
                    "311001",
                    "311101"
                ],
                "external_id": ""
            },
            {
                "id": 4067237004,
                "name": "New Zeland",
                "location": {
                    "name": "Auckland, Auckland, New Zealand"
                },
                "primary_contact_user_id": null,
                "parent_id": 4067197004,
                "parent_office_external_id": "",
                "child_ids": [
                    4068752004,
                    4068754004
                ],
                "child_office_external_ids": [
                    "322101",
                    "322001"
                ],
                "external_id": ""
            },
            {
                "id": 4067218004,
                "name": "EMEA",
                "location": {
                    "name": "Europe"
                },
                "primary_contact_user_id": null,
                "parent_id": null,
                "parent_office_external_id": null,
                "child_ids": [
                    4071121004,
                    4067263004,
                    4068711004,
                    4068712004,
                    4068718004,
                    4067220004,
                    4068720004,
                    4068721004,
                    4068722004,
                    4067234004,
                    4068706004,
                    4067250004,
                    4067259004,
                    4067223004,
                    4067242004,
                    4067255004,
                    4068713004
                ],
                "child_office_external_ids": [
                    "",
                    "",
                    "",
                    "",
                    "",
                    "",
                    "",
                    "",
                    "",
                    "",
                    "",
                    "",
                    "",
                    "",
                    "",
                    "",
                    ""
                ],
                "external_id": ""
            },
            {
                "id": 4067220004,
                "name": "Georgia",
                "location": {
                    "name": null
                },
                "primary_contact_user_id": null,
                "parent_id": 4067218004,
                "parent_office_external_id": "",
                "child_ids": [
                    4068766004
                ],
                "child_office_external_ids": [
                    "216001"
                ],
                "external_id": ""
            },
            {
                "id": 4067223004,
                "name": "Ireland",
                "location": {
                    "name": "Ireland"
                },
                "primary_contact_user_id": null,
                "parent_id": 4067218004,
                "parent_office_external_id": "",
                "child_ids": [
                    4067215004,
                    4068728004,
                    4068730004,
                    4068762004,
                    4068743004
                ],
                "child_office_external_ids": [
                    "",
                    "212001",
                    "212701",
                    "212102",
                    "212101"
                ],
                "external_id": ""
            },
            {
                "id": 4067215004,
                "name": "Dublin, Ireland",
                "location": {
                    "name": "Dublin, Ireland"
                },
                "primary_contact_user_id": null,
                "parent_id": 4067223004,
                "parent_office_external_id": "",
                "child_ids": [],
                "child_office_external_ids": [],
                "external_id": ""
            },
            {
                "id": 4067234004,
                "name": "Netherlands",
                "location": {
                    "name": null
                },
                "primary_contact_user_id": null,
                "parent_id": 4067218004,
                "parent_office_external_id": "",
                "child_ids": [
                    4067260004,
                    4068837004,
                    4068795004,
                    4068811004,
                    4068802004
                ],
                "child_office_external_ids": [
                    "",
                    "219101",
                    "219102",
                    "219001",
                    "219901"
                ],
                "external_id": ""
            },
            {
                "id": 4067260004,
                "name": "The Hague, Netherlands",
                "location": {
                    "name": "Den Haag, South Holland, Netherlands"
                },
                "primary_contact_user_id": null,
                "parent_id": 4067234004,
                "parent_office_external_id": "",
                "child_ids": [],
                "child_office_external_ids": [],
                "external_id": ""
            },
            {
                "id": 4067242004,
                "name": "Poland",
                "location": {
                    "name": null
                },
                "primary_contact_user_id": null,
                "parent_id": 4067218004,
                "parent_office_external_id": "",
                "child_ids": [
                    4067225004,
                    4068757004,
                    4068758004,
                    4068778004,
                    4068781004,
                    4068763004
                ],
                "child_office_external_ids": [
                    "",
                    "215101",
                    "217702",
                    "215001",
                    "215102",
                    "217701"
                ],
                "external_id": ""
            },
            {
                "id": 4067225004,
                "name": "Krakow, Poland",
                "location": {
                    "name": "Kraków, Lesser Poland Voivodeship, Poland"
                },
                "primary_contact_user_id": null,
                "parent_id": 4067242004,
                "parent_office_external_id": "",
                "child_ids": [],
                "child_office_external_ids": [],
                "external_id": ""
            },
            {
                "id": 4067250004,
                "name": "Romania",
                "location": {
                    "name": null
                },
                "primary_contact_user_id": null,
                "parent_id": 4067218004,
                "parent_office_external_id": "",
                "child_ids": [
                    4068842004
                ],
                "child_office_external_ids": [
                    "223001"
                ],
                "external_id": ""
            },
            {
                "id": 4067255004,
                "name": "Stockholm, Sweden (UPSTREAM)",
                "location": {
                    "name": "Stockholm, Stockholm, Sweden"
                },
                "primary_contact_user_id": null,
                "parent_id": 4067218004,
                "parent_office_external_id": "",
                "child_ids": [
                    4068815004,
                    4068761004
                ],
                "child_office_external_ids": [
                    "220001",
                    "220101"
                ],
                "external_id": ""
            },
            {
                "id": 4067259004,
                "name": "Tel Aviv, Israel",
                "location": {
                    "name": "Tel Aviv-Yafo, Tel Aviv District, Israel"
                },
                "primary_contact_user_id": null,
                "parent_id": 4067218004,
                "parent_office_external_id": "",
                "child_ids": [
                    4068725004,
                    4068750004
                ],
                "child_office_external_ids": [
                    "251101",
                    "251001"
                ],
                "external_id": ""
            },
            {
                "id": 4067263004,
                "name": "United Kingdom",
                "location": {
                    "name": null
                },
                "primary_contact_user_id": null,
                "parent_id": 4067218004,
                "parent_office_external_id": "",
                "child_ids": [
                    4067940004,
                    4068741004,
                    4068005004,
                    4068755004,
                    4068740004,
                    4067227004,
                    4068819004,
                    4068803004,
                    4068807004,
                    4068764004,
                    4068808004,
                    4068782004,
                    4068832004,
                    4068835004
                ],
                "child_office_external_ids": [
                    "211102",
                    "211001",
                    "KSY_05",
                    "211701",
                    "211105",
                    "",
                    "211702",
                    "211101",
                    "211901",
                    "211704",
                    "211703",
                    "211103",
                    "211104",
                    "211106"
                ],
                "external_id": ""
            },
            {
                "id": 4067227004,
                "name": "London, England",
                "location": {
                    "name": "London, England, United Kingdom"
                },
                "primary_contact_user_id": null,
                "parent_id": 4067263004,
                "parent_office_external_id": "",
                "child_ids": [],
                "child_office_external_ids": [],
                "external_id": ""
            },
            {
                "id": 4067253004,
                "name": "South America",
                "location": {
                    "name": null
                },
                "primary_contact_user_id": null,
                "parent_id": null,
                "parent_office_external_id": null,
                "child_ids": [
                    4067208004,
                    4068714004,
                    4068716004,
                    4068708004,
                    4068710004
                ],
                "child_office_external_ids": [
                    "",
                    "",
                    "",
                    "",
                    ""
                ],
                "external_id": ""
            }
        ],
        "departments": [],
        "template_token_string": null,
        "custom_field_options": []
    },
    {
        "id": 21831314004,
        "name": "Budgeter",
        "active": true,
        "field_type": "job",
        "priority": 10,
        "value_type": "user",
        "private": false,
        "required": true,
        "require_approval": false,
        "trigger_new_version": false,
        "name_key": "budgeter",
        "description": null,
        "expose_in_job_board_api": false,
        "api_only": false,
        "offices": [],
        "departments": [],
        "template_token_string": null,
        "custom_field_options": []
    },
    {
        "id": 21831315004,
        "name": "Division",
        "active": true,
        "field_type": "job",
        "priority": 11,
        "value_type": "multi_select",
        "private": false,
        "required": true,
        "require_approval": false,
        "trigger_new_version": false,
        "name_key": "division",
        "description": null,
        "expose_in_job_board_api": false,
        "api_only": false,
        "offices": [],
        "departments": [],
        "template_token_string": "{{DIVISION}}",
        "custom_field_options": [
            {
                "id": 21287296004,
                "name": "All Divisions",
                "priority": 0,
                "external_id": null
            },
            {
                "id": 21155046004,
                "name": "AudIT",
                "priority": 1,
                "external_id": null
            },
            {
                "id": 21155047004,
                "name": "BNG",
                "priority": 2,
                "external_id": null
            },
            {
                "id": 21155048004,
                "name": "BNG All",
                "priority": 3,
                "external_id": null
            },
            {
                "id": 21155049004,
                "name": "BNG ConnectBooster",
                "priority": 4,
                "external_id": null
            },
            {
                "id": 21155050004,
                "name": "BNG Design",
                "priority": 5,
                "external_id": null
            },
            {
                "id": 21155051004,
                "name": "BNG Payments",
                "priority": 6,
                "external_id": null
            },
            {
                "id": 21155052004,
                "name": "BNG Point of Sale",
                "priority": 7,
                "external_id": null
            },
            {
                "id": 21155053004,
                "name": "BNG Promo",
                "priority": 8,
                "external_id": null
            },
            {
                "id": 21155054004,
                "name": "BNG Secure Payments",
                "priority": 9,
                "external_id": null
            },
            {
                "id": 20712683004,
                "name": "Corporate",
                "priority": 10,
                "external_id": null
            },
            {
                "id": 21155058004,
                "name": "DAT All",
                "priority": 11,
                "external_id": null
            },
            {
                "id": 20712684004,
                "name": "Datto",
                "priority": 12,
                "external_id": null
            },
            {
                "id": 21155065004,
                "name": "Default Division",
                "priority": 13,
                "external_id": null
            },
            {
                "id": 20712691004,
                "name": "Graphus",
                "priority": 14,
                "external_id": null
            },
            {
                "id": 20712692004,
                "name": "ID Agent",
                "priority": 15,
                "external_id": null
            },
            {
                "id": 20712693004,
                "name": "ITGlue",
                "priority": 16,
                "external_id": null
            },
            {
                "id": 20712694004,
                "name": "Kaseya",
                "priority": 17,
                "external_id": null
            },
            {
                "id": 20712697004,
                "name": "RapidFire Tools",
                "priority": 18,
                "external_id": null
            },
            {
                "id": 20712698004,
                "name": "Richie Rich",
                "priority": 19,
                "external_id": null
            },
            {
                "id": 20712699004,
                "name": "RocketCyber",
                "priority": 20,
                "external_id": null
            },
            {
                "id": 21155066004,
                "name": "SaaS Alerts",
                "priority": 21,
                "external_id": null
            },
            {
                "id": 20712700004,
                "name": "SalesLab",
                "priority": 22,
                "external_id": null
            },
            {
                "id": 20712701004,
                "name": "Spanning",
                "priority": 23,
                "external_id": null
            },
            {
                "id": 21155067004,
                "name": "TruMethods",
                "priority": 24,
                "external_id": null
            },
            {
                "id": 20712705004,
                "name": "Unitrends",
                "priority": 25,
                "external_id": null
            },
            {
                "id": 20712706004,
                "name": "UnitrendsMSP",
                "priority": 26,
                "external_id": null
            },
            {
                "id": 20712702004,
                "name": "Utica",
                "priority": 27,
                "external_id": null
            },
            {
                "id": 20712707004,
                "name": "Vonahi",
                "priority": 28,
                "external_id": null
            }
        ]
    },
    {
        "id": 21831316004,
        "name": "Suite",
        "active": true,
        "field_type": "job",
        "priority": 12,
        "value_type": "single_select",
        "private": false,
        "required": false,
        "require_approval": false,
        "trigger_new_version": false,
        "name_key": "product",
        "description": null,
        "expose_in_job_board_api": false,
        "api_only": false,
        "offices": [],
        "departments": [],
        "template_token_string": "{{PRODUCT}}",
        "custom_field_options": [
            {
                "id": 20712662004,
                "name": "Audit and Compliance",
                "priority": 0,
                "external_id": null
            },
            {
                "id": 20712663004,
                "name": "Backup",
                "priority": 1,
                "external_id": null
            },
            {
                "id": 21155022004,
                "name": "CISO",
                "priority": 2,
                "external_id": null
            },
            {
                "id": 21155023004,
                "name": "Documentation",
                "priority": 3,
                "external_id": null
            },
            {
                "id": 20712664004,
                "name": "Exec & Admin",
                "priority": 4,
                "external_id": null
            },
            {
                "id": 21155024004,
                "name": "IAAS",
                "priority": 5,
                "external_id": null
            },
            {
                "id": 20712665004,
                "name": "IT Complete",
                "priority": 6,
                "external_id": null
            },
            {
                "id": 20712666004,
                "name": "IT Operations",
                "priority": 7,
                "external_id": null
            },
            {
                "id": 20712667004,
                "name": "Networking",
                "priority": 8,
                "external_id": null
            },
            {
                "id": 21155025004,
                "name": "None",
                "priority": 9,
                "external_id": null
            },
            {
                "id": 21155026004,
                "name": "Product Management",
                "priority": 10,
                "external_id": null
            },
            {
                "id": 21155027004,
                "name": "Product Operations",
                "priority": 11,
                "external_id": null
            },
            {
                "id": 20712668004,
                "name": "RMM",
                "priority": 12,
                "external_id": null
            },
            {
                "id": 20712669004,
                "name": "Security",
                "priority": 13,
                "external_id": null
            },
            {
                "id": 21155028004,
                "name": "TPM",
                "priority": 14,
                "external_id": null
            }
        ]
    },
    {
        "id": 21831317004,
        "name": "Module",
        "active": true,
        "field_type": "job",
        "priority": 13,
        "value_type": "single_select",
        "private": false,
        "required": false,
        "require_approval": false,
        "trigger_new_version": false,
        "name_key": "module",
        "description": null,
        "expose_in_job_board_api": false,
        "api_only": false,
        "offices": [],
        "departments": [],
        "template_token_string": null,
        "custom_field_options": [
            {
                "id": 21155068004,
                "name": "Application Security Operations",
                "priority": 0,
                "external_id": null
            },
            {
                "id": 21155069004,
                "name": "Atlassian",
                "priority": 1,
                "external_id": null
            },
            {
                "id": 20713031004,
                "name": "AudIT",
                "priority": 2,
                "external_id": null
            },
            {
                "id": 20713052004,
                "name": "Autotask",
                "priority": 3,
                "external_id": null
            },
            {
                "id": 21155070004,
                "name": "BCDR",
                "priority": 4,
                "external_id": null
            },
            {
                "id": 20713053004,
                "name": "BMS",
                "priority": 5,
                "external_id": null
            },
            {
                "id": 20713054004,
                "name": "BullPhish ID",
                "priority": 6,
                "external_id": null
            },
            {
                "id": 20713040004,
                "name": "CISO",
                "priority": 7,
                "external_id": null
            },
            {
                "id": 20713041004,
                "name": "Cloud Ops (Product)",
                "priority": 8,
                "external_id": null
            },
            {
                "id": 20713042004,
                "name": "Cloud Ops (Shared)",
                "priority": 9,
                "external_id": null
            },
            {
                "id": 20713044004,
                "name": "Commerce",
                "priority": 10,
                "external_id": null
            },
            {
                "id": 20713055004,
                "name": "Compliance Manager",
                "priority": 11,
                "external_id": null
            },
            {
                "id": 20713056004,
                "name": "Connect Booster",
                "priority": 12,
                "external_id": null
            },
            {
                "id": 20713030004,
                "name": "ConnectBooster",
                "priority": 13,
                "external_id": null
            },
            {
                "id": 21155071004,
                "name": "Constellation",
                "priority": 14,
                "external_id": null
            },
            {
                "id": 21155072004,
                "name": "CooperBots",
                "priority": 15,
                "external_id": null
            },
            {
                "id": 20713047004,
                "name": "D-RMM",
                "priority": 16,
                "external_id": null
            },
            {
                "id": 21155073004,
                "name": "DBMA v2",
                "priority": 17,
                "external_id": null
            },
            {
                "id": 20713064004,
                "name": "DRMM",
                "priority": 18,
                "external_id": null
            },
            {
                "id": 20713057004,
                "name": "Dark Web ID",
                "priority": 19,
                "external_id": null
            },
            {
                "id": 20713058004,
                "name": "Datto BCDR",
                "priority": 20,
                "external_id": null
            },
            {
                "id": 21155074004,
                "name": "Datto DTC - Public Cloud Backup, EPB4PC, EPB4S",
                "priority": 21,
                "external_id": null
            },
            {
                "id": 20713059004,
                "name": "Datto EDR",
                "priority": 22,
                "external_id": null
            },
            {
                "id": 20713050004,
                "name": "Datto EDR (Infocyte)",
                "priority": 23,
                "external_id": null
            },
            {
                "id": 20713043004,
                "name": "Datto Portal",
                "priority": 24,
                "external_id": null
            },
            {
                "id": 20713060004,
                "name": "Datto SaaS Defense",
                "priority": 25,
                "external_id": null
            },
            {
                "id": 20713051004,
                "name": "Datto SaaS Defense (BitDam)",
                "priority": 26,
                "external_id": null
            },
            {
                "id": 20713061004,
                "name": "Datto SaaS Protection + Backupify",
                "priority": 27,
                "external_id": null
            },
            {
                "id": 20713062004,
                "name": "Datto Unified Backup & Integration/Portal",
                "priority": 28,
                "external_id": null
            },
            {
                "id": 20713063004,
                "name": "Datto Workplace (DWP/DFP)",
                "priority": 29,
                "external_id": null
            },
            {
                "id": 21155075004,
                "name": "Documentation",
                "priority": 30,
                "external_id": null
            },
            {
                "id": 21155076004,
                "name": "EDR",
                "priority": 31,
                "external_id": null
            },
            {
                "id": 21155077004,
                "name": "Endpoint Backup V2",
                "priority": 32,
                "external_id": null
            },
            {
                "id": 20713065004,
                "name": "Fusion",
                "priority": 33,
                "external_id": null
            },
            {
                "id": 21155078004,
                "name": "Governance",
                "priority": 34,
                "external_id": null
            },
            {
                "id": 21155079004,
                "name": "Governance, Risk, and Compliance",
                "priority": 35,
                "external_id": null
            },
            {
                "id": 20713032004,
                "name": "Graphus",
                "priority": 36,
                "external_id": null
            },
            {
                "id": 21155080004,
                "name": "ID Agent",
                "priority": 37,
                "external_id": null
            },
            {
                "id": 21155081004,
                "name": "IT Complete",
                "priority": 38,
                "external_id": null
            },
            {
                "id": 20713066004,
                "name": "IT Glue",
                "priority": 39,
                "external_id": null
            },
            {
                "id": 20713034004,
                "name": "K1",
                "priority": 40,
                "external_id": null
            },
            {
                "id": 20713035004,
                "name": "K1 Store",
                "priority": 41,
                "external_id": null
            },
            {
                "id": 20713068004,
                "name": "Kaseya Quote Manager",
                "priority": 42,
                "external_id": null
            },
            {
                "id": 20713069004,
                "name": "MyITProcess",
                "priority": 43,
                "external_id": null
            },
            {
                "id": 20713070004,
                "name": "Network Detective",
                "priority": 44,
                "external_id": null
            },
            {
                "id": 20713071004,
                "name": "Networking SW",
                "priority": 45,
                "external_id": null
            },
            {
                "id": 21155082004,
                "name": "None",
                "priority": 46,
                "external_id": null
            },
            {
                "id": 20713025004,
                "name": "Passly",
                "priority": 47,
                "external_id": null
            },
            {
                "id": 21155083004,
                "name": "Product Design",
                "priority": 48,
                "external_id": null
            },
            {
                "id": 21155084004,
                "name": "Product Operations",
                "priority": 49,
                "external_id": null
            },
            {
                "id": 20713026004,
                "name": "Pulseway",
                "priority": 50,
                "external_id": null
            },
            {
                "id": 20713027004,
                "name": "R&D Admin",
                "priority": 51,
                "external_id": null
            },
            {
                "id": 20713072004,
                "name": "R&D Executives",
                "priority": 52,
                "external_id": null
            },
            {
                "id": 21155085004,
                "name": "RFT",
                "priority": 53,
                "external_id": null
            },
            {
                "id": 20713073004,
                "name": "RMM Shared",
                "priority": 54,
                "external_id": null
            },
            {
                "id": 21155086004,
                "name": "Risk and Compliance",
                "priority": 55,
                "external_id": null
            },
            {
                "id": 20713074004,
                "name": "RocketCyber",
                "priority": 56,
                "external_id": null
            },
            {
                "id": 21155087004,
                "name": "SOC",
                "priority": 57,
                "external_id": null
            },
            {
                "id": 20713075004,
                "name": "SaaS Alerts",
                "priority": 58,
                "external_id": null
            },
            {
                "id": 21155088004,
                "name": "SaaS Defense",
                "priority": 59,
                "external_id": null
            },
            {
                "id": 21155089004,
                "name": "SaaS Protection",
                "priority": 60,
                "external_id": null
            },
            {
                "id": 20713076004,
                "name": "Secure Payments",
                "priority": 61,
                "external_id": null
            },
            {
                "id": 21155090004,
                "name": "Security Consulting",
                "priority": 62,
                "external_id": null
            },
            {
                "id": 21155091004,
                "name": "Security Operations",
                "priority": 63,
                "external_id": null
            },
            {
                "id": 21155092004,
                "name": "Security Program Management",
                "priority": 64,
                "external_id": null
            },
            {
                "id": 20713077004,
                "name": "Spanning",
                "priority": 65,
                "external_id": null
            },
            {
                "id": 21155093004,
                "name": "Support Executives",
                "priority": 66,
                "external_id": null
            },
            {
                "id": 21155094004,
                "name": "Support Operations",
                "priority": 67,
                "external_id": null
            },
            {
                "id": 21155095004,
                "name": "Support Problem Management",
                "priority": 68,
                "external_id": null
            },
            {
                "id": 21155096004,
                "name": "Support Product Support Engineering",
                "priority": 69,
                "external_id": null
            },
            {
                "id": 21155097004,
                "name": "TPM",
                "priority": 70,
                "external_id": null
            },
            {
                "id": 21155098004,
                "name": "Tech Pubs",
                "priority": 71,
                "external_id": null
            },
            {
                "id": 20713078004,
                "name": "Unitrends",
                "priority": 72,
                "external_id": null
            },
            {
                "id": 20713079004,
                "name": "UniView",
                "priority": 73,
                "external_id": null
            },
            {
                "id": 20713080004,
                "name": "vPenTest",
                "priority": 74,
                "external_id": null
            },
            {
                "id": 21155099004,
                "name": "VSA",
                "priority": 75,
                "external_id": null
            },
            {
                "id": 20713081004,
                "name": "VSA 9",
                "priority": 76,
                "external_id": null
            },
            {
                "id": 20713082004,
                "name": "VSA X",
                "priority": 77,
                "external_id": null
            },
            {
                "id": 20713083004,
                "name": "Vulscan",
                "priority": 78,
                "external_id": null
            }
        ]
    },
    {
        "id": 21831318004,
        "name": "Management Level",
        "active": true,
        "field_type": "job",
        "priority": 15,
        "value_type": "short_text",
        "private": false,
        "required": false,
        "require_approval": false,
        "trigger_new_version": false,
        "name_key": "management_level",
        "description": null,
        "expose_in_job_board_api": false,
        "api_only": false,
        "offices": [],
        "departments": [],
        "template_token_string": "{{MANAGEMENT_LEVEL}}",
        "custom_field_options": []
    },
    {
        "id": 21831334004,
        "name": "Variable Compensation (USD)",
        "active": true,
        "field_type": "job",
        "priority": 8,
        "value_type": "currency_range",
        "private": false,
        "required": true,
        "require_approval": false,
        "trigger_new_version": false,
        "name_key": "salary",
        "description": "Variable Compensation",
        "expose_in_job_board_api": false,
        "api_only": false,
        "offices": [],
        "departments": [],
        "template_token_string": "{{VARIABLECOMP}}",
        "custom_field_options": []
    },
    {
        "id": 21831698004,
        "name": "Shift",
        "active": true,
        "field_type": "job",
        "priority": 14,
        "value_type": "multi_select",
        "private": false,
        "required": false,
        "require_approval": false,
        "trigger_new_version": false,
        "name_key": "shift",
        "description": "Working hours",
        "expose_in_job_board_api": false,
        "api_only": false,
        "offices": [],
        "departments": [],
        "template_token_string": null,
        "custom_field_options": [
            {
                "id": 20713088004,
                "name": "Monday - Friday | 8:30AM - 5:30PM",
                "priority": 0,
                "external_id": null
            },
            {
                "id": 20713089004,
                "name": "Monday - Friday | 8:00AM - 4:30PM",
                "priority": 1,
                "external_id": null
            },
            {
                "id": 20713090004,
                "name": "Monday - Friday | 8:00AM - 5:00PM",
                "priority": 2,
                "external_id": null
            },
            {
                "id": 20713091004,
                "name": "Monday - Friday | 9:00AM - 5:30PM",
                "priority": 3,
                "external_id": null
            },
            {
                "id": 20713092004,
                "name": "Monday - Friday | 11:00AM - 7:30PM",
                "priority": 4,
                "external_id": null
            },
            {
                "id": 20713084004,
                "name": "Sunday - Thursday | 4:00 PM - 12:30 AM",
                "priority": 5,
                "external_id": null
            },
            {
                "id": 20713085004,
                "name": "Tuesday - Saturday | 9:00AM - 5:30PM",
                "priority": 6,
                "external_id": null
            },
            {
                "id": 20713086004,
                "name": "Tuesday - Saturday | 3:00PM - 11:30PM",
                "priority": 7,
                "external_id": null
            }
        ]
    }
]