{
  "title": "ESS Jobs - Dashboard",
  "description": "",
  "variables": {

    "eSSCountTodayVChartListSDP": {
      "type": "vb/ServiceDataProvider",
      "defaultValue": {
        "endpoint": "businessObjects/getall_ESSCountTodayVChart",
        "keyAttributes": "statusType",
        "itemsPath": "items",
        "responseType": "getallESSCountTodayVChartResponse"
      }
    },
    "OCISummaryPostdata": {
      "type": {
        "lastSuccessRun": "string",
        "triggerType": "string"
      },
      "defaultValue": {
        "triggerType": "Detail",
        "lastSuccessRun": "09/05/2025"
      }
    }

  },
  "metadata": {},
  "types": {
    "@decorators.getallESSCount30DaysVChartResponse": {
      "endpoint": "getall_ESSCount30DaysVChart",
      "service": "businessObjects",
      "path": "response"
    },
    "@decorators.getallESSCount7DaysVChartResponse": {
      "endpoint": "getall_ESSCount7DaysVChart",
      "service": "businessObjects",
      "path": "response"
    },
    "@decorators.getallESSCountTodayVChartResponse": {
      "endpoint": "getall_ESSCountTodayVChart",
      "service": "businessObjects",
      "path": "response"
    },
    "@decorators.getallESSYesterdayVChartResponse": {
      "endpoint": "getall_ESSYesterdayVChart",
      "service": "businessObjects",
      "path": "response"
    },
    "@decorators.getallXxoodEssSummaryTblVResponse": {
      "endpoint": "getall_XxoodEssSummaryTblV",
      "service": "businessObjects",
      "path": "response"
    },
    "getallESSCount30DaysVChartResponse": {
      "items": [
        {
          "recordCount": "number",
          "statusType": "string"
        }
      ]
    },
    "getallESSCount7DaysVChartResponse": {
      "items": [
        {
          "recordCount": "number",
          "statusType": "string"
        }
      ]
    },
    "getallESSCountTodayVChartResponse": {
      "items": [
        {
          "recordCount": "number",
          "statusType": "string"
        }
      ]
    },
    "getallESSYesterdayVChartResponse": {
      "items": [
        {
          "recordCount": "number",
          "statusType": "string"
        }
      ]
    },
    "getallXxoodEssSummaryTblVResponse": {
      "items": [
        {
          "cancelled": "number",
          "error": "number",
          "jobType": "string",
          "succeeded": "number",
          "wait": "number",
          "warning": "number"
        }
      ]
    },
    "GetSummary": [
      {
        "recordCount": "number",
        "statusType": "string"
      }
    ],
    "field1": {
      "field2": "string"
    }

  },
  "eventListeners": {
    "buttonAction": {
      "chains": [
        {
          "chain": "ButtonActionChain"
        }
      ]
    },
    "cardAction": {
      "chains": [
        {
          "chain": "CardActionChain1"
        }
      ]
    },
    "cardOneAction": {
      "chains": [
        {
          "chain": "CardActionChain"
        }
      ]
    },
    "flexRowClick": {
      "chains": [
        {
          "chain": "FlexRowClickChain"
        }
      ]
    },
    "flexRowClick2": {
      "chains": [
        {
          "chain": "waitingcount"
        }
      ]
    },
    "liClick": {
      "chains": [
        {
          "chain": "Backtomainflow"
        }
      ]
    },
    "panelClick": {
      "chains": [
        {
          "chain": "warningcount"
        }
      ]
    },
    "panelClick2": {
      "chains": [
        {
          "chain": "finishcount"
        }
      ]
    },
    "vbBeforeEnter": {
      "chains": [
        {
          "parameters": {},
          "chain": "vbBeforeEnterListener"
        }
      ]
    },
    "vbEnter": {
      "chains": [
        {
          "parameters": {},
          "chain": "EssDashboarddataCount"
        }
      ]
    },
    "vbExit": {
      "chains": [
      ]
    }

  },
  "imports": {
    "components": {
      "oj-action-card": {
        "path": "ojs/ojactioncard"
      },
      "oj-button": {
        "path": "ojs/ojbutton"
      },
      "oj-chart": {
        "path": "ojs/ojchart"
      },
      "oj-chart-item": {
        "path": "ojs/ojchart"
      }

    }
  }
}
