{
    "backends": {
        "GreenhouseBackEnd": {
            "servers": [
                {
                    "url": "https://harvest.greenhouse.io/v1",
                    "description": "Default Server",
                    "x-vb": {
                        "profiles": [],
                        "headers": {},
                        "secureHeaders": {
                            "Authorization": "vb_e0e33a75-999d-4be3-91fb-de037051b5e0"
                        },
                        "forceProxy": "cors"
                    }
                }
            ],
            "secureHeaders": {
                "Authorization": "vb_50ba45fe-b10b-4a84-91e4-9395327c5d40"
            }
        },
        "fa": {
            "serviceType": "fa-base",
            "description": "Oracle Cloud Applications",
            "servers": [
                {
                    "url": "vb-catalog://backends.tenant/fa",
                    "description": "Overridden Default Server",
                    "x-vb": {
                        "authentication": {
                            "authenticated": {
                                "type": "basic",
                                "credentials": "vb_7f01cb1b-751e-4bc0-8c9b-fc7a95feec5f"
                            }
                        },
                        "forceProxy": "cors"
                    }
                }
            ]
        }
      }
}