{
  "title": "Create requisition request",
  "description": "",
  "variables": {
    "allReportsListSDP": {
      "type": "vb/ServiceDataProvider",
      "defaultValue": {
        "endpoint": "getAll_publicWorkers_allReports/getall_publicWorkers-assignments-allReports",
        "responseType": "getallPublicWorkersReports",
        "itemsPath": "items",
        "keyAttributes": "PersonId",
        "transformsContext": {
          "vb-textFilterAttributes": [
            "PersonNumber",
            "DisplayName"
          ]
        },
        "fetchChain": "getall_allReportsFetch"
      }
    },
    "backgroundColor": {
      "type": "string",
      "defaultValue": "dark-ocean"
    },
    "currenciesLov": {
      "type": "vb/ArrayDataProvider2",
      "defaultValue": {
        "itemType": "getall_currenciesLOV",
        "keyAttributes": "CurrencyCode",
        "textFilterAttributes": [
          "CurrencyCode"
        ]
      }
    },
    "currentDate": {
      "type": "string"
    },
    "currentDateTime": {
      "type": "string"
    },
    "customFieldsValidFlag": {
      "type": "boolean",
      "defaultValue": true
    },
    "disabledLocalCurrency": {
      "type": "boolean",
      "defaultValue": true
    },
    "errorSubmitFlag": {
      "type": "boolean",
      "defaultValue": false
    },
    "expandEmployeePanel": {
      "type": "boolean",
      "defaultValue": false
    },
    "greenhouseCustomFields": {
      "type": [
        {
          "custom_field_options": [
          {
            "id": "number",
            "name": "string"
          }
        ],
        "name_key": "string"
        }
      ]
    },
    "illustrationBackground": {
      "type": "string",
      "defaultValue": "https://static.oracle.com/cdn/fnd/gallery/2307.0.2/images/illust-welcome-banner-bg-01.png"
    },
    "illustrationForeground": {
      "type": "string",
      "defaultValue": "https://static.oracle.com/cdn/fnd/gallery/2307.0.2/images/illust-welcome-banner-fg-01.png"
    },
    "imageStretch": {
      "type": "string",
      "defaultValue": "none"
    },
    "isSubmittedFlag": {
      "type": "boolean",
      "defaultValue": false
    },
    "jobPostHeader": {
      "type": {
        "template_job_id": "number",
        "number_of_openings": "number",
        "job_name": "string",
        "external_department_id": "string",
        "external_office_ids": "string[]",
        "requisition_id": "string"
      }
    },
    "jobPostHiringManager": {
      "type": {
        "hiring_managers": [
          {
            "user_id": "string"
          }
        ]
      }
    },
    "jobPatchFields": {
      "type": {
        "custom_fields": [
          {
            "amount": "number",
            "currency_code": "string",
            "name_key": "string",
            "value": "any",
            "min_value": "number",
            "max_value": "number",
            "unit": "string"

          }
        ],
        "team_and_responsibilities": "string"
      }
    },
    "managerLevelsListSDP": {
      "type": "vb/ServiceDataProvider",
      "defaultValue": {
        "keyAttributes": "LookupCode",
        "itemsPath": "items",
        "responseType": "getallManagerLevelResponse",
        "fetchChain": "getall_managerLevels_CodesFetch"
      }
    },
    "mobileImage": {
      "type": "string",
      "defaultValue": "on"
    },
    "areasOfResponsibilityListSDP": {
      "type": "vb/ServiceDataProvider",
      "defaultValue": {
        "itemsPath": "items",
        "responseType": "getallAreasOfResponsibilityResponse",
        "keyAttributes": "ResponsibilityId",
        "transformsContext": {
          "vb-textFilterAttributes": [
            "DisplayName"
          ]
        },
        "fetchChain": "getall_areasOfResponsibilityFetch"
      }
    },
    "createXxreqJobReqRequestsChainInProgress": {
      "type": "boolean",
      "defaultValue": false
    },
    "departmentsLovListSDP": {
      "type": "vb/ServiceDataProvider",
      "defaultValue": {
        "keyAttributes": "OrganizationId",
        "itemsPath": "items",
        "responseType": "getallDepartmentsLovResponse",
        "transformsContext": {
          "vb-textFilterAttributes": [
            "Name"
          ]
        },
        "fetchChain": "getall_departmentsLovFetch"
      }
    },
    "employeeData": {
      "type": "any"
    },
    "employeesListSDP": {
      "type": "vb/ServiceDataProvider",
      "defaultValue": {
        "keyAttributes": "PersonId",
        "itemsPath": "items",
        "responseType": "getallPublicWorkersEmployees",
        "transformsContext": {
          "vb-textFilterAttributes": [
            "PersonNumber",
            "DisplayName"
          ]
        },
        "fetchChain": "getall_employeesFetch"
      }
    },
    "jobTitlesListSDP": {
      "type": "vb/ServiceDataProvider",
      "defaultValue": {
        "responseType": "getall_jobsLov",
        "itemsPath": "items",
        "fetchChain": "getall_jobsLovFetch",
        "keyAttributes": "JobId"
      }
    },
    "locationsLovListSDP": {
      "type": "vb/ServiceDataProvider",
      "defaultValue": {
        "keyAttributes": "LocationId",
        "itemsPath": "items",
        "responseType": "getallLocationsLovResponse",
        "fetchChain": "getall_locationsLovFetch"
      }
    },
    "managersListSDP": {
      "type": "vb/ServiceDataProvider",
      "defaultValue": {
        "keyAttributes": "PersonId",
        "itemsPath": "items",
        "responseType": "getallPublicWorkersManagers",
        "transformsContext": {
          "vb-textFilterAttributes": [
            "DisplayName"
          ]
        },
        "fetchChain": "getall_managersFetch"
      }
    },
    "divisionsListSDP": {
      "type": "vb/ServiceDataProvider",
      "defaultValue": {
        "keyAttributes": "ValueId",
        "itemsPath": "items",
        "responseType": "getall_DivisionsResponse",
        "fetchChain": "getall_divisionsFetch"
      }
    },
    "modulesListSDP": {
      "type": "vb/ServiceDataProvider",
      "defaultValue": {

        "keyAttributes": "ValueId",
        "itemsPath": "items",
        "responseType": "getallModulesResponse",
        "fetchChain": "getall_modules_valuesFetch"
      }
    },
    "organizationsListSDP": {
      "type": "vb/ServiceDataProvider",
      "defaultValue": {
        "responseType": "getallOrganizationsResponse",
        "itemsPath": "items",
        "keyAttributes": "OrganizationId",
        "fetchChain": "getall_organizationsFetch"
      }
    },
    "parentDepartmentsObject": {
      "type": {
        "items": [
          {
            "Value": "string",
            "Description": "string"
          }
        ]
      }
    },
    "responseWorkerDetail": {
      "type": "any"
    },
    "selectedBudgetHolderData": {
      "type": {
        "data": {
          "DisplayName": "string",
          "PersonId": "number",
          "ResponsibilityId": "number"
        }
      }
    },
    "selectedDivisionData": {
      "type": {
        "data": {
          "ValueId": "number",
          "Value": "string"
        }
      }
    },
    "selectedEmployeeData": {
      "type": {
        "data": {
          "DisplayName": "string",
          "PersonId": "number",
          "PersonNumber": "string"
        }
      }
    },
    "selectedJobData": {
      "type": {
        "data": {
          "JobCode": "string",
          "JobId": "number",
          "JobName": "string",
          "ManagerLevel": "string"
        }
      }
    },
    "selectedLocationData": {
      "type": {
        "data": {
          "LocationId": "number",
          "LocationCode": "string",
          "LocationName": "string"
        }
      }
    },
    "selectedManagementLevelData": {
      "type": {
        "data": {
          "LookupCode": "string",
          "Meaning": "string"
        }
      }
    },
    "selectedManagerData": {
      "type": {
        "data": {
          "DisplayName": "string",
          "PersonId": "number",
          "WorkEmail": "string"
        }
      }
    },
    "selectedModuleData": {
      "type": {
        "data": {
          "ValueId": "number",
          "Value": "string"
        }
      }
    },
    "selectedRequestTypeData": {
      "type": {
        "data": {
          "ghRequestTypeId": "number",
          "requestTypeId": "number",
          "requestTypeName": "string"
        }
      }
    },
    "selectedEmploymentTypeData": {
      "type": {
        "data": {
          "ghEmplTypeId": "number",
          "emplTypeId": "number",
          "emplTypeName": "string"
        }
      }
    },
    "selectedSuiteData": {
      "type": {
        "data": {
          "ValueId": "number",
          "Value": "string"
        }
      }
    },
    "submitMessage": {
      "type": "string"
    },
    "submittedToGH": {
      "type": "boolean",
      "defaultValue": false
    },
    "suitesListSDP": {
      "type": "vb/ServiceDataProvider",
      "defaultValue": {

        "keyAttributes": "ValueId",
        "itemsPath": "items",
        "responseType": "getallSuitesResponse",
        "fetchChain": "getall_suites_valuesFetch"
      }
    },
    "workerDetails": {
      "type": "vb/ArrayDataProvider2",
      "defaultValue": {
        "endpoint": "getall_workerDetails/getall_workers",
        "responseType": "getall_workerDetails",
        "itemsPath": "items",
        "itemType": "getall_workerDetails",
        "keyAttributes": "PersonId"
      }
    },
    "xxreqJobReqDepartmentsListSDP": {
      "type": "vb/ServiceDataProvider",
      "defaultValue": {
        "endpoint": "businessObjects/getall_XxreqJobReqDepartments",
        "keyAttributes": "departmentId",
        "itemsPath": "items",
        "responseType": "getallXxreqJobReqDepartmentsResponse",
        "uriParameters": {}
      }
    },
    "xxreqJobReqDivisionsListSDP": {
      "type": "vb/ServiceDataProvider",
      "defaultValue": {
        "endpoint": "businessObjects/getall_XxreqJobReqDivisions",
        "keyAttributes": "divisionId",
        "itemsPath": "items",
        "responseType": "getallXxreqJobReqDivisionsResponse",
        "uriParameters": {}
      }
    },
    "xxreqJobReqJobLevelsListSDP": {
      "type": "vb/ServiceDataProvider",
      "defaultValue": {
        "endpoint": "businessObjects/getall_XxreqJobReqJobLevels",
        "keyAttributes": "jobLevelId",
        "itemsPath": "items",
        "responseType": "getallXxreqJobReqJobLevelsResponse",
        "uriParameters": {}
      }
    },
    "xxreqJobReqJobTitlesListSDP": {
      "type": "vb/ServiceDataProvider",
      "defaultValue": {
        "endpoint": "businessObjects/getall_XxreqJobReqJobTitles",
        "keyAttributes": "jobTitleId",
        "itemsPath": "items",
        "responseType": "getallXxreqJobReqJobTitlesResponse",
        "uriParameters": {}
      }
    },
    "xxreqJobReqLocationsListSDP": {
      "type": "vb/ServiceDataProvider",
      "defaultValue": {
        "endpoint": "businessObjects/getall_XxreqJobReqLocations",
        "keyAttributes": "locationId",
        "itemsPath": "items",
        "responseType": "getallXxreqJobReqLocationsResponse",
        "uriParameters": {}
      }
    },
    "xxreqJobReqModulesListSDP": {
      "type": "vb/ServiceDataProvider",
      "defaultValue": {
        "endpoint": "businessObjects/getall_XxreqJobReqModules",
        "keyAttributes": "moduleId",
        "itemsPath": "items",
        "responseType": "getallXxreqJobReqModulesResponse",
        "uriParameters": {}
      }
    },
    "xxreqJobReqRequests": {
      "type": "createXxreqJobReqRequestsRequest"
    },
    "xxreqJobReqSuitesListSDP": {
      "type": "vb/ServiceDataProvider",
      "defaultValue": {
        "endpoint": "businessObjects/getall_XxreqJobReqSuites",
        "keyAttributes": "suiteId",
        "itemsPath": "items",
        "responseType": "getallXxreqJobReqSuitesResponse",
        "uriParameters": {}
      }
    },
    "xxreqTJobReqEmplTypeListSDP": {
      "type": "vb/ServiceDataProvider",
      "defaultValue": {
        "endpoint": "businessObjects/getall_XxreqJobReqEmplType",
        "responseType": "getall_XxreqJobReqEmplType",
        "itemsPath": "items",
        "keyAttributes": "emplTypeId",
        "transformsContext": {
          "vb-textFilterAttributes": [
            "emplTypeName"
          ]
        }
      }
    },
    "xxreqTJobReqypesListSDP": {
      "type": "vb/ServiceDataProvider",
      "defaultValue": {
        "endpoint": "businessObjects/getall_XxreqJobReqTypes",
        "keyAttributes": "requestTypeId",
        "itemsPath": "items",
        "responseType": "getallXxreqJobReqTypesResponse",
        "uriParameters": {}
      }
    }

  },
  "metadata": {},
  "types": {
    "@decorators.createXxreqJobReqRequestsRequest": {
      "endpoint": "create_XxreqJobReqRequests",
      "service": "businessObjects",
      "path": "request"
    },
    "@decorators.getall_currenciesLOV": {
      "endpoint": "getall_currenciesLOV",
      "service": "getCurrencies",
      "path": "response-_-items[0]"
    },
    "@decorators.getall_DivisionsResponse": {
      "endpoint": "getall_valueSets-values",
      "service": "getall_valueSetsValues",
      "path": "response"
    },
    "@decorators.getall_jobsLov": {
      "endpoint": "getall_jobsLov",
      "service": "getall_jobTitles",
      "path": "response"
    },
    "@decorators.getall_workers": {
      "endpoint": "getall_workers",
      "service": "getall_workerDetails",
      "path": "response"
    },
    "@decorators.getall_XxreqJobReqEmplType": {
      "endpoint": "getall_XxreqJobReqEmplType",
      "service": "businessObjects",
      "path": "response"
    },
    "@decorators.getallAreasOfResponsibilityResponse": {
      "endpoint": "getall_areasOfResponsibility",
      "service": "getall_areasOfResposibility",
      "path": "response"
    },
    "@decorators.getallDepartmentsLovResponse": {
      "endpoint": "getall_departmentsLov",
      "service": "getall_departments",
      "path": "response"
    },
    "@decorators.getallJobsLovResponse": {
      "endpoint": "getall_jobsLov",
      "service": "getall_jobTitles",
      "path": "response"
    },
    "@decorators.getallLocationsLovResponse": {
      "endpoint": "getall_locationsLov",
      "service": "getall_locations",
      "path": "response"
    },
    "@decorators.getallManagerLevelResponse": {
      "endpoint": "getall_commonLookups-lookupCodes",
      "service": "getall_commonLookup_Codes",
      "path": "response"
    },
    "@decorators.getallModulesResponse": {
      "endpoint": "getall_valueSets-values",
      "service": "getall_valueSetsValues",
      "path": "response"
    },
    "@decorators.getallOrganizationsResponse": {
      "endpoint": "getLatestOrganizations",
      "service": "getall_organizations",
      "path": "response"
    },
    "@decorators.getallPublicWorkersEmployees": {
      "endpoint": "getall_publicWorkers",
      "service": "getall_publicWorkers_emp",
      "path": "response"
    },
    "@decorators.getallPublicWorkersManagers": {
      "endpoint": "getall_publicWorkers",
      "service": "getall_publicWorkers_managers",
      "path": "response"
    },
    "@decorators.getallPublicWorkersReports": {
      "endpoint": "getall_publicWorkers-assignments-allReports",
      "service": "getall_publicWorkers_allReports",
      "path": "response"
    },
    "@decorators.getallSuitesResponse": {
      "endpoint": "getall_valueSets-values",
      "service": "getall_valueSetsValues",
      "path": "response"
    },
    "@decorators.getallValueSetsValuesResponse2": {
      "endpoint": "getall_valueSets-values",
      "service": "getall_valueSetsValues",
      "path": "response"
    },
    "@decorators.getallXxreqJobReqDepartmentsResponse": {
      "endpoint": "getall_XxreqJobReqDepartments",
      "service": "businessObjects",
      "path": "response"
    },
    "@decorators.getallXxreqJobReqDivisionsResponse": {
      "endpoint": "getall_XxreqJobReqDivisions",
      "service": "businessObjects",
      "path": "response"
    },
    "@decorators.getallXxreqJobReqJobLevelsResponse": {
      "endpoint": "getall_XxreqJobReqJobLevels",
      "service": "businessObjects",
      "path": "response"
    },
    "@decorators.getallXxreqJobReqJobTitlesResponse": {
      "endpoint": "getall_XxreqJobReqJobTitles",
      "service": "businessObjects",
      "path": "response"
    },
    "@decorators.getallXxreqJobReqLocationsResponse": {
      "endpoint": "getall_XxreqJobReqLocations",
      "service": "businessObjects",
      "path": "response"
    },
    "@decorators.getallXxreqJobReqModulesResponse": {
      "endpoint": "getall_XxreqJobReqModules",
      "service": "businessObjects",
      "path": "response"
    },
    "@decorators.getallXxreqJobReqSuitesResponse": {
      "endpoint": "getall_XxreqJobReqSuites",
      "service": "businessObjects",
      "path": "response"
    },
    "@decorators.getallXxreqJobReqTypesResponse": {
      "endpoint": "getall_XxreqJobReqTypes",
      "service": "businessObjects",
      "path": "response"
    },
    "@decorators.getLatestOrganizationsResponse": {
      "endpoint": "getLatestOrganizations",
      "service": "getall_organizations",
      "path": "response"
    },
    "@decorators.greenhouseCustomFieldsResponse": {
      "endpoint": "get",
      "service": "getall_custom_fields_gh",
      "path": "response"
    },
    "createXxreqJobReqRequestsRequest": {
      "budgetHolderId": "number",
      "conversionRate": "number",
      "currency": "string",
      "departmentId": "number",
      "divisionId": "number",
      "empId": "number",
      "emplTypeId": "number",
      "equityApprovedFlag": "boolean",
      "exitDate": "string",
      "ghRequisitionId": "string",
      "ghRequisitionName": "string",
      "jobDesc": "string",
      "jobLevelId": "string",
      "jobTitleId": "number",
      "locationId": "number",
      "manageOthersFlag": "boolean",
      "moduleId": "number",
      "rdOrSupportFlag": "boolean",
      "reportToManId": "number",
      "reqTypeId": "number",
      "requestId": "number",
      "salaryBase": "number",
      "salaryBaseLocal": "number",
      "statusId": "number",
      "statusIdObject": [
        {
          "ghStatusName": "string"
        }
      ],
      "submitDate": "string",
      "submittedBy": "string",
      "suiteId": "number",
      "variableSalary": "number",
      "variableSalaryLocal": "number"

    },
    "getall_currenciesLOV": {
      "CurrencyCode": "string",
      "Name": "string"
    },
    "getall_DivisionsResponse": {
      "items": [
        {
          "Value": "string",
          "ValueId": "number"
        }
      ]
    },
    "getall_jobsLov": {
      "items": [
        {
          "JobCode": "string",
          "JobId": "number",
          "JobName": "string",
          "ManagerLevel": "string"
        }
      ]
    },
    "getall_workerDetails": {
      "PersonId": "number",
      "workRelationships": {
        "items": [
          {
            "assignments": {
              "items": [
                {
                  "AssignmentId": "number",
                  "assignmentsDFF": {
                    "items": [
                      {
                        "division": "string",
                        "module": "string",
                        "suite": "string"
                      }
                    ]
                  },
                  "DepartmentId": "number",
                  "DepartmentName": "string",
                  "JobId": "number",
                  "JobCode": "string",
                  "JobTitle": "string",
                  "LocationId": "number",
                  "LocationCode": "string",
                  "LocationName": "string",
                  "ManagerLevel": "string",
                  "Salary": "string"
                }
              ]
            }
          }
        ]
      }
    },
    "getall_XxreqJobReqEmplType": {
      "items": [
        {
          "emplTypeId": "number",
          "emplTypeName": "string",
          "ghEmplTypeId": "number",
          "isActive": "string"
        }
      ]
    },
    "getallAreasOfResponsibilityResponse": {
      "items": [
        {
          "DisplayName": "string",
          "PersonId": "number",
          "ResponsibilityId": "number"
        }
      ]
    },
    "getallDepartmentsLovResponse": {
      "items": [
        {
          "Name": "string",
          "OrganizationId": "number"
        }
      ]
    },
    "getallJobsLovResponse": {
      "items": [
        {
          "JobCode": "string",
          "JobName": "string"
        }
      ]
    },
    "getallLocationsLovResponse": {
      "items": [
        {
          "Country": "string",
          "LocationCode": "string",
          "LocationId": "number",
          "LocationName": "string"

        }
      ]
    },
    "getallManagerLevelResponse": {
      "items": [
        {
          "LookupCode": "string",
          "Meaning": "string"
        }
      ]
    },
    "getallModulesResponse": {
      "items": [
        {
          "Value": "string",
          "ValueId": "number"
        }
      ]
    },
    "getallOrganizationsResponse": {
      "items": [
        {
          "Name": "string",
          "OrganizationDFF": {
            "items": [
              {
                "ksyGreenhouseParentid": "string"
              }
            ]
          },
          "OrganizationId": "number",
          "ParentDepartment": "string"
        }
      ]
    },
    "getallParentDepartmentsResponse": {
      "items": [
        {
          "Value": "string",
          "ValueId": "number",
          "Description": "string"
        }
      ]
    },
    "getallPublicWorkersEmployees": {
      "items": [
        {
          "DisplayName": "string",
          "PersonId": "number",
          "PersonNumber": "string"
        }
      ]
    },
    "getallPublicWorkersManagers": {
      "items": [
        {
          "DisplayName": "string",
          "PersonId": "number",
          "WorkEmail": "string"
        }
      ]
    },
    "getallPublicWorkersReports": {
      "items": [
        {
          "DisplayName": "string",
          "PersonId": "number",
          "PersonNumber": "string"
        }
      ]
    },
    "getallSuitesResponse": {
      "items": [
        {
          "Value": "string",
          "ValueId": "number"
        }
      ]
    },
    "getallValueSetsValuesResponse2": {
      "items": [
        {
          "Value": "string",
          "ValueId": "number"
        }
      ]
    },
    "getallXxreqJobReqDepartmentsResponse": {
      "items": [
        {
          "departmentId": "number",
          "departmentName": "string"
        }
      ]
    },
    "getallXxreqJobReqDivisionsResponse": {
      "items": [
        {
          "divisionId": "number",
          "divisionName": "string"
        }
      ]
    },
    "getallXxreqJobReqJobLevelsResponse": {
      "items": [
        {
          "jobLevelId": "number",
          "jobLevelName": "string"
        }
      ]
    },
    "getallXxreqJobReqJobTitlesResponse": {
      "items": [
        {
          "jobTitleId": "number",
          "jobTitleName": "string"
        }
      ]
    },
    "getallXxreqJobReqLocationsResponse": {
      "items": [
        {
          "locationId": "number",
          "locationName": "string"
        }
      ]
    },
    "getallXxreqJobReqModulesResponse": {
      "items": [
        {
          "moduleId": "number",
          "moduleName": "string"
        }
      ]
    },
    "getallXxreqJobReqSuitesResponse": {
      "items": [
        {
          "suiteId": "number",
          "suiteName": "string"
        }
      ]
    },
    "getallXxreqJobReqTypesResponse": {
      "items": [
        {
          "ghRequestTypeId": "number",
          "requestTypeId": "number",
          "requestTypeName": "string"
        }
      ]
    },
    "getLatestOrganizationsResponse": {
      "items": [
        {
          "Name": "string",
          "OrganizationId": "number"
        }
      ]
    }

  },
  "eventListeners": {
    "backButtonClicked": {
      "chains": [
        {
          "chain": "goBackChain"
        }
      ]
    },
    "buttonAction": {
      "chains": [
        {
          "chain": "ButtonActionChain1"
        }
      ]
    },
    "inputNumberValue": {
      "chains": [
        {
          "chain": "InputNumberValueChangeChain",
          "parameters": {
            "event": "{{$event}}",
            "previousValue": "{{$event.detail.previousValue}}",
            "value": "{{ $event.detail.value }}",
            "updatedFrom": "{{$event.detail.updatedFrom}}"
          }
        }
      ]
    },
    "inputNumberValue2": {
      "chains": [
        {
          "chain": "InputNumberValueChangeChain1",
          "parameters": {
            "event": "{{$event}}",
            "previousValue": "{{$event.detail.previousValue}}",
            "value": "{{ $event.detail.value }}",
            "updatedFrom": "{{$event.detail.updatedFrom}}"
          }
        }
      ]
    },
    "saveAndCloseButtonClicked": {
      "chains": [
        {
          "parameters": {},
          "chain": "saveAndCloseChain"
        }
      ]
    },
    "saveButtonClicked": {
      "chains": [
        {
          "chain": "createXxreqJobReqRequestsChain",
          "parameters": {}
        }
      ]
    },
    "selectValueEmployee": {
      "chains": [
        {
          "chain": "employeeSelectValueItemChange",
          "parameters": {
            "key": "{{$event.detail.value.key}}",
            "data": "{{$event.detail.value.data}}",
            "metadata": "{{$event.detail.value.metadata}}"
          }
        }
      ]
    },
    "selectValueItem": {
      "chains": [
        {
          "chain": "requestTypeSelectValueItemChange",
          "parameters": {
            "key": "{{$event.detail.value.key}}",
            "data": "{{$event.detail.value.data}}",
            "metadata": "{{$event.detail.value.metadata}}"
          }
        }
      ]
    },
    "selectValueItem2": {
      "chains": [
        {
          "chain": "jobTitleSelectValueChange",
          "parameters": {
            "key": "{{$event.detail.value.key}}",
            "data": "{{$event.detail.value.data}}",
            "metadata": "{{$event.detail.value.metadata}}"
          }
        }
      ]
    },
    "selectValueItem3": {
      "chains": [
        {
          "chain": "departmentValueItemChange",
          "parameters": {
            "key": "{{$event.detail.value.key}}",
            "data": "{{$event.detail.value.data}}",
            "metadata": "{{$event.detail.value.metadata}}"
          }
        }
      ]
    },
    "selectValueItem4": {
      "chains": [
        {
          "chain": "SelectValueItemChangeChain",
          "parameters": {
            "event": "{{$event}}",
            "previousValue": "{{$event.detail.previousValue}}",
            "value": "{{$event.detail.value}}",
            "updatedFrom": "{{$event.detail.updatedFrom}}",
            "key": "{{$event.detail.value.key}}",
            "data": "{{$event.detail.value.data}}",
            "metadata": "{{$event.detail.value.metadata}}",
            "valueItem": "{{ $event.detail.value }}"
          }
        }
      ]
    },
    "selectValueItem5": {
      "chains": [
        {
          "chain": "SelectValueItemChangeChain1",
          "parameters": {
            "event": "{{$event}}",
            "previousValue": "{{$event.detail.previousValue}}",
            "value": "{{$event.detail.value}}",
            "updatedFrom": "{{$event.detail.updatedFrom}}",
            "key": "{{$event.detail.value.key}}",
            "data": "{{$event.detail.value.data}}",
            "metadata": "{{$event.detail.value.metadata}}",
            "valueItem": "{{ $event.detail.value }}"
          }
        }
      ]
    },
    "submitButtonClicked": {
      "chains": [
        {
          "chain": "submitXxreqJobReqRequestsChain"
        }
      ]
    },
    "vbEnter": {
      "chains": [
        {
          "parameters": {},
          "chain": "vbEnterListener"
        }
      ]
    }

  },
  "imports": {
    "components": {
      "oj-button": {
        "path": "ojs/ojbutton"
      },
      "oj-collapsible": {
        "path": "ojs/ojcollapsible"
      },
      "oj-file-picker": {
        "path": "ojs/ojfilepicker"
      },
      "oj-form-layout": {
        "path": "ojs/ojformlayout"
      },
      "oj-highlight-text": {
        "path": "ojs/ojhighlighttext"
      },
      "oj-input-date-time": {
        "path": "ojs/ojdatetimepicker"
      },
      "oj-input-number": {
        "path": "ojs/ojinputnumber"
      },
      "oj-input-password": {
        "path": "ojs/ojinputtext"
      },
      "oj-input-text": {
        "path": "ojs/ojinputtext"
      },
      "oj-label": {
        "path": "ojs/ojlabel"
      },
      "oj-label-value": {
        "path": "ojs/ojlabelvalue"
      },
      "oj-list-item-layout": {
        "path": "ojs/ojlistitemlayout"
      },
      "oj-list-view": {
        "path": "ojs/ojlistview"
      },
      "oj-select-single": {
        "path": "ojs/ojselectsingle"
      },
      "oj-sp-expanded-hover-card": {
        "path": "oj-sp/expanded-hover-card/loader"
      },
      "oj-sp-input-rich-text-2": {
        "path": "oj-sp/input-rich-text-2/loader"
      },
      "oj-sp-list-item-template": {
        "path": "oj-sp/list-item-template/loader"
      },
      "oj-sp-welcome-page": {
        "path": "oj-sp/welcome-page/loader"
      },
      "oj-switch": {
        "path": "ojs/ojswitch"
      },
      "oj-table": {
        "path": "ojs/ojtable"
      },
      "oj-validation-group": {
        "path": "ojs/ojvalidationgroup"
      }

    },
    "modules": {
      "ojValidationBase": {
        "path": "ojs/ojvalidation-base"
      }
    }
  },
  "@dt": {
    "iconClass": "vbdt-dynamic-icon-89-icoWelcomePageTemplate48Svg"
  }
}