{
  "title": "Requisition request",
  "description": "",
  "variables": {
    "backgroundColor": {
      "type": "string",
      "defaultValue": "dark-ocean"
    },
    "illustrationBackground": {
      "type": "string",
      "defaultValue": "https://static.oracle.com/cdn/fnd/gallery/2307.0.2/images/illust-welcome-banner-bg-01.png"
    },
    "illustrationForeground": {
      "type": "string",
      "defaultValue": "https://static.oracle.com/cdn/fnd/gallery/2307.0.2/images/illust-welcome-banner-fg-01.png"
    },
    "imageStretch": {
      "type": "string",
      "defaultValue": "none"
    },
    "mobileImage": {
      "type": "string",
      "defaultValue": "on"
    }
  },
  "metadata": {},
  "types": {},
  "eventListeners": {
    "cardSpCardAction": {
      "chains": [
        {
          "chain": "CardSpCardActionChain"
        }
      ]
    },
    "cardSpCardAction2": {
      "chains": [
        {
          "chain": "CardSpCardActionChain1"
        }
      ]
    },
    "cardSpCardAction3": {
      "chains": [
        {
          "chain": "CardSpCardActionChain2"
        }
      ]
    },
    "cardSpCardAction4": {
      "chains": [
        {
          "chain": "CardSpCreateRequest"
        }
      ]
    },
    "cardSpCardAction5": {
      "chains": [
        {
          "chain": "CardSpViewAllRequest"
        }
      ]
    },
    "cardSpCardAction6": {
      "chains": [
        {
          "chain": "CardSpDelegation"
        }
      ]
    },
    "ojSpWp1SpSecondaryAction2": {
      "chains": [
        {
          "chain": "WelcomePageTemplateSpSecondaryActionChain",
          "parameters": {
            "actionId": "{{$event.detail.secondaryItem}}"
          }
        }
      ]
    }
  },
  "imports": {
    "components": {
      "oj-button": {
        "path": "ojs/ojbutton"
      },
      "oj-sp-card": {
        "path": "oj-sp/card/loader"
      },
      "oj-sp-welcome-page": {
        "path": "oj-sp/welcome-page/loader"
      }

   }
  },
  "@dt": {
    "iconClass": "vbdt-dynamic-icon-91-icoWelcomePageTemplate48Svg"
  }
}