{
  "title": "Delegation",
  "description": "",
  "variables": {
    "allFilters": {
      "type": "filterChip[]",
      "defaultValue": "{{$page.variables.selectContextValueItem && $page.variables.selectContextValueItem.key ? (($page.variables.appliedFilters || []).concat([{ 'filter': 'keyword', 'label': $page.variables.selectContextValueItem.data ? $page.variables.selectContextValueItem.data.label : $page.variables.selectContextValueItem.key, 'value': $page.variables.selectContextValueItem.key }])) :  $page.variables.appliedFilters }}"
    },
    "appliedFilters": {
      "type": "filterChip[]",
      "defaultValue": "{{ $page.variables.appliedFiltersStr && $page.variables.appliedFiltersStr.length > 0 ? JSON.parse($page.variables.appliedFiltersStr) : [] }}",
      "onValueChanged": {
        "chains": [
          {
            "chain": "updateAllFilters",
            "parameters": {
              "value": "[[ $page.variables.appliedFilters ]]"
            }
          }
        ]
      }
    },
    "appliedFiltersStr": {
      "type": "string",
      "input": "fromUrl",
      "defaultValue": "",
      "onValueChanged": {
        "chains": [
          {
            "chain": "updateAppliedFilters",
            "parameters": {}
          }
        ]
      }
    },
    "askHint": {
      "type": "string",
      "defaultValue": "Search"
    },
    "backgroundColor": {
      "type": "string",
      "defaultValue": "dark-ocean"
    },
    "displayMode": {
      "type": "string"
    },
    "expanded": {
      "type": "string",
      "defaultValue": "auto"
    },
    "functionalPrimaryActions": {
      "type": "action[]"
    },
    "functionalSecondaryActions": {
      "type": "action[]"
    },
    "goToParentOption": {
      "type": "boolean",
      "defaultValue": false
    },
    "illustrationBackground": {
      "type": "string",
      "defaultValue": "https://static.oracle.com/cdn/fnd/gallery/2307.0.2/images/illust-welcome-banner-bg-01.png"
    },
    "illustrationForeground": {
      "type": "string",
      "defaultValue": "https://static.oracle.com/cdn/fnd/gallery/2307.0.2/images/illust-welcome-banner-fg-01.png"
    },
    "imageStretch": {
      "type": "string",
      "defaultValue": "none"
    },
    "initialString": {
      "type": "string"
    },
    "listManagerADP": {
      "type": "vb/ArrayDataProvider2",
      "defaultValue": {
        "data": "{{ $variables.listManagers }}",
        "itemType": "getUserAccountRoles",
        "keyAttributes": "items.PersonId",
        "textFilterAttributes": [
          "items.Username"
        ]
      }
    },
    "listManagers": {
      "type": "object[]"
    },
    "mobileImage": {
      "type": "string",
      "defaultValue": "on"
    },
    "primaryAction": {
      "type": "action"
    },
    "resultQ": {
      "type": "string"
    },
    "searchResultsDP": {
      "type": "oj-sp/data-provider/SmartSearchAndFilterDataProvider",
      "defaultValue": {
        "//": "specify endpoint for search all below",
        "endpoint": null,
        "options": {
          "filterCriterion": {
            "op": "$eq",
            "value": {
              "filters": "{{$page.variables.allFilters}}"
            }
          },
          "parameters": {
            "smartSearchName": "<The name of the Smart Search as registered by the product team>"
          },
          "recentSearches": {
            "//": "specify endpoint where recent search data is saved below",
            "endpoint": null
          }
        }
      }
    },
    "searchSuggestionsDP": {
      "type": "oj-sp/data-provider/SmartSuggestionChipsDataProvider",
      "defaultValue": {
        "dataProviders": {
          "recentSearches": {
            "//": "specify endpoint for recent search below",
            "endpoint": null,
            "uriParameters": {
              "smartSearchName": "<The name of the Smart Search as registered by the product team>"
            }
          },
          "autocompleteSearch": {
            "//": "specify endpoint for search all below",
            "endpoint": null,
            "uriParameters": {
              "smartSearchName": "<The name of the Smart Search as registered by the product team>"
            }
          },
          "suggestionFiltersSearch": {
            "//": "specify endpoint for suggest search below",
            "endpoint": null,
            "uriParameters": {
              "smartSearchName": "<The name of the Smart Search as registered by the product team>"
            }
          }
        }
      }
    },
    "secondaryActions": {
      "type": "action[]"
    },
    "selectContextData": {
      "type": "vb/ArrayDataProvider"
    },
    "selectContextItemText": {
      "type": "string",
      "defaultValue": "label"
    },
    "selectContextLabelHint": {
      "type": "string"
    },
    "selectContextValue": {
      "type": "string",
      "defaultValue": null,
      "persisted": "device",
      "input": "fromUrl"
    },
    "selectContextValueItem": {
      "type": "any",
      "onValueChanged": {
        "chains": [
          {
            "chain": "updateAllFilters",
            "parameters": {
              "value": "[[ $page.variables.appliedFilters ]]"
            }
          }
        ]
      }
    },
    "showAllTotalCount": {
      "type": "boolean",
      "defaultValue": false
    },
    "suggestionFiltersDP": {
      "type": "oj-sp/data-provider/SuggestionFiltersDataProvider",
      "defaultValue": {
        "//": "specify endpoint for suggest search below",
        "endpoint": null,
        "uriParameters": {
          "smartSearchName": "<The name of the Smart Search as registered by the product team>"
        }
      }
    },
    "xxreqJobReqTypesListSDP": {
      "type": "vb/ServiceDataProvider",
      "defaultValue": {
        "endpoint": "businessObjects/getall_XxreqJobReqTypes",
        "keyAttributes": "ghRequestTypeId",
        "itemsPath": "items",
        "responseType": "getallXxreqJobReqTypesResponse",
        "transformsContext": {
          "vb-textFilterAttributes": [
            "requestTypeName"
          ]
        }
      }
    }

  },
  "metadata": {},
  "types": {
    "@decorators.getallXxreqJobReqTypesResponse": {
      "endpoint": "getall_XxreqJobReqTypes",
      "service": "businessObjects",
      "path": "response"
    },
    "@decorators.getUserAccountRoles": {
      "endpoint": "getUserAccountRoles",
      "service": "getall_publicWorkers_emp",
      "path": "response"
    },
    "action": {
      "id": "string",
      "label": "string",
      "display": "string",
      "icon": "string"
    },
    "contextSelectType": {
      "value": "string",
      "label": "string"
    },
    "filterChip": {
      "count": "number",
      "dependencies": "string[]",
      "filter": "string",
      "filterLabel": "string",
      "label": "string",
      "value": "any"
    },
    "getallXxreqJobReqTypesResponse": {
      "items": [
        {
          "ghRequestTypeId": "number",
          "requestTypeName": "string"
        }
      ]
    },
    "getUserAccountRoles": {
      "items": 
        {
          "GUID": "string",
          "links": [
            {
              "href": "string",
              "kind": "string",
              "name": "string",
              "properties": {
                "changeIndicator": "string"
              },
              "rel": "string"
            }
          ],
          "PersonId": "number",
          "userAccountRoles": {
            "count": "number",
            "hasMore": "boolean",
            "items": [
              {
                "CreatedBy": "string",
                "CreationDate": "string",
                "LastUpdateDate": "string",
                "LastUpdatedBy": "string",
                "links": [
                  {
                    "href": "string",
                    "kind": "string",
                    "name": "string",
                    "properties": {
                      "changeIndicator": "string"
                    },
                    "rel": "string"
                  }
                ],
                "RoleCode": "string",
                "RoleId": "number",
                "UserRoleId": "number"
              }
            ],
            "limit": "number",
            "links": [
              {
                "href": "string",
                "kind": "string",
                "name": "string",
                "rel": "string"
              }
            ],
            "offset": "number"
          },
          "Username": "string"
        }
      
    }

  },
  "eventListeners": {
    "ojSpGoToParent": {
      "chains": [
        {
          "chain": "goToParent",
          "parameters": {}
        }
      ]
    },
    "ojSpNavigateBack": {
      "chains": [
        {
          "chain": "navigateBack",
          "parameters": {}
        }
      ]
    },
    "ojSpSmartFiltersChangedAction": {
      "chains": [
        {
          "chain": "updateAllFilters",
          "parameters": {
            "value": "{{ $event.detail.value }}"
          }
        }
      ]
    },
    "vbEnter": {
      "chains": [
        {
          "parameters": {},
          "chain": "vbEnterListener"
        }
      ]
    }
  },
  "imports": {
    "components": {
      "oj-list-view": {
        "path": "ojs/ojlistview"
      },
      "oj-select-single": {
        "path": "ojs/ojselectsingle"
      },
      "oj-sp-collection-container": {
        "path": "oj-sp/collection-container/loader"
      },
      "oj-sp-empty-state": {
        "path": "oj-sp/empty-state/loader"
      },
      "oj-sp-list-item-template": {
        "path": "oj-sp/list-item-template/loader"
      },
      "oj-sp-smart-search-page": {
        "path": "oj-sp/smart-search-page/loader"
      },
      "oj-sp-welcome-page": {
        "path": "oj-sp/welcome-page/loader"
      }

   }
  },
  "@dt": {
    "iconClass": "vbdt-dynamic-icon-89-icoWelcomePageTemplate48Svg"
  }
}