{
  "title": "Requisition requests",
  "description": "",
  "variables": {
    "departmentsObject": {
      "type": "getall_departmentsLov"
    },
    "jobTitlesArray": {
      "type": "jobType[]"
    },
    "locationsObject": {
      "type": "getall_locationsLov"
    },
    "oj_table_2026205369_1SelectedId": {
      "type": "string",
      "defaultValue": ""
    },
    "oj_table_2026205369_2SelectedId": {
      "type": "string",
      "defaultValue": ""
    },
    "user": {
      "type": "string"
    },
    "xxreqJobReqRequestsListSDP": {
      "type": "vb/ServiceDataProvider",
      "defaultValue": {
        "responseType": "getallXxreqJobReqRequestsResponse",
        "keyAttributes": "requestId",
        "fetchChain": "getall_XxreqJobReqRequestsFetch",
        "itemsPath": "items"
      }
    },
    "xxreqJobReqRequestsListSDP2": {
      "type": "vb/ServiceDataProvider",
      "defaultValue": {
        "keyAttributes": "requestId",
        "itemsPath": "items",
        "responseType": "getallXxreqJobReqRequestsResponse2",
        "fetchChain": "getall_XxreqJobReqRequestsFetch2"
      }
    }

  },
  "metadata": {},
  "types": {
    "@decorators.finalRequestsResponse": {
      "endpoint": "getall_XxreqJobReqRequests",
      "service": "businessObjects",
      "path": "response"
    },
    "@decorators.getall_departmentsLov": {
      "endpoint": "getall_departmentsLov",
      "service": "getall_departments",
      "path": "response"
    },
    "@decorators.getall_jobsLov": {
      "endpoint": "getall_jobsLov",
      "service": "getall_jobTitles",
      "path": "response"
    },
    "@decorators.getall_locationsLov": {
      "endpoint": "getall_locations",
      "service": "getall_locations",
      "path": "response"
    },
    "@decorators.getallXxreqJobReqRequestsResponse": {
      "endpoint": "getall_XxreqJobReqRequests",
      "service": "businessObjects",
      "path": "response"
    },
    "@decorators.getallXxreqJobReqRequestsResponse2": {
      "endpoint": "getall_XxreqJobReqRequests",
      "service": "businessObjects",
      "path": "response"
    },
    "@decorators.getallXxreqJobReqRequestsResponse3": {
      "endpoint": "getall_XxreqJobReqRequests",
      "service": "businessObjects",
      "path": "response"
    },
    "finalRequestsResponse": {
      "items": [
        {
          "createdBy": "string",
          "creationDate": "string",
          "ghRequisitionId": "string",
          "ghRequisitionName": "string",
          "jobTitleId": "number",
          "lastSyncDateGh": "string",
          "lastUpdateDate": "string",
          "lastUpdatedBy": "string",
          "requestId": "number",
          "requestTypeIdObject": {
            "items": [
              {
                "requestTypeName": "string"
              }
            ]
          },
          "statusIdObject": {
            "items": [
              {
                "statusName": "string"
              }
            ]
          },
          "submitDate": "string",
          "submittedBy": "string",
          "jobTitleObject": {
            "items": [
              {
                "jobName": "string"
              }
            ]
          }
        }
      ]
    },
    "getall_departmentsLov": {
      "items": [
        {
          "Name": "string",
          "OrganizationId": "number"
        }
      ]
    },
    "getall_jobsLov": {
      "hasMore": "boolean",
      "items": [
        {
          "JobCode": "string",
          "JobId": "number",
          "JobName": "string"
        }
      ],
      "offset": "number"
    },
    "getall_locationsLov": {
      "items": [
        {
          "LocationId": "number",
          "LocationName": "string"
        }
      ]
    },
    "getallXxreqJobReqRequestsResponse": {
      "items": [
        {
          "createdBy": "string",
          "creationDate": "string",
          "departmentId": "number",
          "ghRequisitionId": "string",
          "ghRequisitionName": "string",
          "jobTitleId": "number",
          "lastSyncDateGh": "string",
          "lastUpdateDate": "string",
          "lastUpdatedBy": "string",
          "locationId": "number",
          "requestId": "number",
          "requestTypeIdObject": {
            "items": [
              {
                "requestTypeName": "string"
              }
            ]
          },
          "statusIdObject": {
            "items": [
              {
                "statusName": "string"
              }
            ]
          },
          "submitDate": "string",
          "submittedBy": "string"
        }
      ]
    },
    "getallXxreqJobReqRequestsResponse2": {
      "items": [
        {
          "activeFlag": "boolean",
          "budgetHolderId": "number",
          "createdBy": "string",
          "creationDate": "string",
          "departmentId": "number",
          "divisionId": "number",
          "empId": "number",
          "equityApprovedFlag": "boolean",
          "exitDate": "string",
          "ghRequisitionId": "string",
          "ghRequisitionName": "string",
          "jobDesc": "string",
          "jobLevelId": "string",
          "jobTitleId": "number",
          "lastSyncDateGh": "string",
          "lastUpdateDate": "string",
          "lastUpdatedBy": "string",
          "locationId": "number",
          "manageOthersFlag": "boolean",
          "moduleId": "number",
          "rdOrSupportFlag": "boolean",
          "reportToManId": "number",
          "reqTypeId": "number",
          "requestId": "number",
          "requestTypeIdObject": {
            "count": "number",
            "hasMore": "boolean",
            "items": [
              {
                "ghRequestTypeId": "number",
                "links": [
                  {
                    "href": "string",
                    "kind": "string",
                    "name": "string",
                    "properties": {
                      "changeIndicator": "string"
                    },
                    "rel": "string"
                  }
                ],
                "requestTypeId": "number",
                "requestTypeName": "string"
              }
            ],
            "limit": "number",
            "links": [
              {
                "href": "string",
                "kind": "string",
                "name": "string",
                "properties": {
                  "changeIndicator": "string"
                },
                "rel": "string"
              }
            ],
            "offset": "number",
            "totalResults": "number"
          },
          "salaryBase": "number",
          "statusId": "number",
          "statusIdObject": {
            "items": [
              {
                "ghStatusName": "string",
                "statusId": "number",
                "statusName": "string"
              }
            ]
          },
          "submitDate": "string",
          "submittedBy": "string",
          "suiteId": "number",
          "variableSalary": "number",
          "departmentIdObject": {
            "count": "number",
            "hasMore": "boolean",
            "items": [
              {
                "departmentId": "number",
                "departmentName": "string",
                "ghDepartmentId": "number",
                "links": [
                  {
                    "href": "string",
                    "kind": "string",
                    "name": "string",
                    "properties": {
                      "changeIndicator": "string"
                    },
                    "rel": "string"
                  }
                ]
              }
            ],
            "limit": "number",
            "links": [
              {
                "href": "string",
                "kind": "string",
                "name": "string",
                "properties": {
                  "changeIndicator": "string"
                },
                "rel": "string"
              }
            ],
            "offset": "number",
            "totalResults": "number"
          },
          "divisionIdObject": {
            "count": "number",
            "hasMore": "boolean",
            "items": [
              {
                "divisionId": "number",
                "divisionName": "string",
                "ghDivisionId": "number",
                "links": [
                  {
                    "href": "string",
                    "kind": "string",
                    "name": "string",
                    "properties": {
                      "changeIndicator": "string"
                    },
                    "rel": "string"
                  }
                ]
              }
            ],
            "limit": "number",
            "links": [
              {
                "href": "string",
                "kind": "string",
                "name": "string",
                "properties": {
                  "changeIndicator": "string"
                },
                "rel": "string"
              }
            ],
            "offset": "number",
            "totalResults": "number"
          },
          "jobLevelIdObject": {
            "count": "number",
            "hasMore": "boolean",
            "items": [
              {
                "ghJobLevelId": "number",
                "jobLevelId": "number",
                "jobLevelName": "string",
                "links": [
                  {
                    "href": "string",
                    "kind": "string",
                    "name": "string",
                    "properties": {
                      "changeIndicator": "string"
                    },
                    "rel": "string"
                  }
                ]
              }
            ],
            "limit": "number",
            "links": [
              {
                "href": "string",
                "kind": "string",
                "name": "string",
                "properties": {
                  "changeIndicator": "string"
                },
                "rel": "string"
              }
            ],
            "offset": "number",
            "totalResults": "number"
          },
          "locationIdObject": {
            "count": "number",
            "hasMore": "boolean",
            "items": [
              {
                "ghOfficeId": "number",
                "links": [
                  {
                    "href": "string",
                    "kind": "string",
                    "name": "string",
                    "properties": {
                      "changeIndicator": "string"
                    },
                    "rel": "string"
                  }
                ],
                "locationId": "number",
                "locationName": "string"
              }
            ],
            "limit": "number",
            "links": [
              {
                "href": "string",
                "kind": "string",
                "name": "string",
                "properties": {
                  "changeIndicator": "string"
                },
                "rel": "string"
              }
            ],
            "offset": "number",
            "totalResults": "number"
          },
          "moduleIdObject": {
            "count": "number",
            "hasMore": "boolean",
            "items": [
              {
                "ghModuleId": "number",
                "links": [
                  {
                    "href": "string",
                    "kind": "string",
                    "name": "string",
                    "properties": {
                      "changeIndicator": "string"
                    },
                    "rel": "string"
                  }
                ],
                "moduleId": "number",
                "moduleName": "string"
              }
            ],
            "limit": "number",
            "links": [
              {
                "href": "string",
                "kind": "string",
                "name": "string",
                "properties": {
                  "changeIndicator": "string"
                },
                "rel": "string"
              }
            ],
            "offset": "number",
            "totalResults": "number"
          }
        }
      ]
    },
    "getallXxreqJobReqRequestsResponse3": {
      "items": [
        {
          "activeFlag": "boolean",
          "budgetHolderId": "number",
          "createdBy": "string",
          "creationDate": "string",
          "departmentId": "number",
          "departmentIdObject": {
            "count": "number",
            "hasMore": "boolean",
            "items": [
              {
                "departmentId": "number",
                "departmentName": "string",
                "ghDepartmentId": "number",
                "links": "object[]"
              }
            ],
            "limit": "number",
            "links": "object[]",
            "offset": "number",
            "totalResults": "number"
          },
          "divisionId": "number",
          "divisionIdObject": {
            "count": "number",
            "hasMore": "boolean",
            "items": [
              {
                "divisionId": "number",
                "divisionName": "string",
                "ghDivisionId": "number",
                "links": "object[]"
              }
            ],
            "limit": "number",
            "links": "object[]",
            "offset": "number",
            "totalResults": "number"
          },
          "empId": "number",
          "equityApprovedFlag": "boolean",
          "exitDate": "string",
          "ghRequisitionId": "string",
          "ghRequisitionName": "string",
          "jobDesc": "string",
          "jobLevelId": "number",
          "jobLevelIdObject": {
            "count": "number",
            "hasMore": "boolean",
            "items": [
              {
                "ghJobLevelId": "number",
                "jobLevelId": "number",
                "jobLevelName": "string",
                "links": "object[]"
              }
            ],
            "limit": "number",
            "links": "object[]",
            "offset": "number",
            "totalResults": "number"
          },
          "jobTitleId": "number",
          "jobTitleIdObject": {
            "count": "number",
            "hasMore": "boolean",
            "items": [
              {
                "ghJobTitleId": "number",
                "jobTitleId": "number",
                "jobTitleName": "string",
                "links": "object[]"
              }
            ],
            "limit": "number",
            "links": "object[]",
            "offset": "number",
            "totalResults": "number"
          },
          "lastSyncDateGh": "string",
          "lastUpdateDate": "string",
          "lastUpdatedBy": "string",
          "links": "object[]",
          "locationId": "number",
          "locationIdObject": {
            "count": "number",
            "hasMore": "boolean",
            "items": [
              {
                "ghOfficeId": "number",
                "links": "object[]",
                "locationId": "number",
                "locationName": "string"
              }
            ],
            "limit": "number",
            "links": "object[]",
            "offset": "number",
            "totalResults": "number"
          },
          "manageOthersFlag": "boolean",
          "moduleId": "number",
          "moduleIdObject": {
            "count": "number",
            "hasMore": "boolean",
            "items": [
              {
                "ghModuleId": "number",
                "links": "object[]",
                "moduleId": "number",
                "moduleName": "string"
              }
            ],
            "limit": "number",
            "links": "object[]",
            "offset": "number",
            "totalResults": "number"
          },
          "rdOrSupportFlag": "boolean",
          "reportToManId": "number",
          "reqTypeId": "number",
          "requestId": "number",
          "requestTypeIdObject": {
            "count": "number",
            "hasMore": "boolean",
            "items": [
              {
                "ghRequestTypeId": "number",
                "links": "object[]",
                "requestTypeId": "number",
                "requestTypeName": "string"
              }
            ],
            "limit": "number",
            "links": "object[]",
            "offset": "number",
            "totalResults": "number"
          },
          "salaryBase": "number",
          "statusId": "number",
          "statusIdObject": {
            "count": "number",
            "hasMore": "boolean",
            "items": [
              {
                "ghStatusName": "string",
                "links": "object[]",
                "statusId": "number",
                "statusName": "string"
              }
            ],
            "limit": "number",
            "links": "object[]",
            "offset": "number",
            "totalResults": "number"
          },
          "submitDate": "string",
          "submittedBy": "string",
          "suiteId": "number",
          "suiteIdObject": {
            "count": "number",
            "hasMore": "boolean",
            "items": [
              {
                "ghSuiteId": "number",
                "links": "object[]",
                "suiteId": "number",
                "suiteName": "string"
              }
            ],
            "limit": "number",
            "links": "object[]",
            "offset": "number",
            "totalResults": "number"
          },
          "variableSalary": "number"
        }
      ]
    },
    "jobType": {
      "JobCode": "string",
      "JobId": "number",
      "JobName": "string"
    }
  },
  "eventListeners": {
    "buttonAction": {
      "chains": [
        {
          "chain": "ButtonActionChain"
        }
      ]
    },
    "createXxreqJobReqRequestsButtonClicked": {
      "chains": [
        {
          "chain": "navigateToCreateXxreqJobReqRequestsChain"
        }
      ]
    },
    "deleteXxreqJobReqRequestsButtonClicked2": {
      "chains": [
        {
          "chain": "deleteXxreqJobReqRequestsChain2",
          "parameters": {
            "xxreqJobReqRequestsId": "[[ $variables.oj_table_2026205369_2SelectedId ]]"
          }
        }
      ]
    },
    "hyperlinkClick": {
      "chains": [
        {
          "chain": "HyperlinkToEditClickChain",
          "parameters": {
            "key": "{{ $current.key }}",
            "index": "{{ $current.index }}",
            "current": "{{ $current }}"
          }
        }
      ]
    },
    "oj_table_2026205369_1SelectionChanged": {
      "chains": [
        {
          "chain": "ojTable20262053691ChangeSelectionChain",
          "parameters": {
            "xxreqJobReqRequestsId": "[[ $event.detail.value.key || '' ]]"
          }
        },
        {
          "chain": "ojTable20262053692ChangeSelectionChain",
          "parameters": {
            "xxreqJobReqRequestsId": "[[ $event.detail.value.key || '' ]]"
          }
        }
      ]
    }
  },
  "imports": {
    "components": {
      "oj-button": {
        "path": "ojs/ojbutton"
      },
      "oj-input-date": {
        "path": "ojs/ojdatetimepicker"
      },
      "oj-input-date-time": {
        "path": "ojs/ojdatetimepicker"
      },
      "oj-list-item-layout": {
        "path": "ojs/ojlistitemlayout"
      },
      "oj-list-view": {
        "path": "ojs/ojlistview"
      },
      "oj-table": {
        "path": "ojs/ojtable"
      }
    },
    "modules": {
      "ojValidationDateTime": {
        "path": "ojs/ojvalidation-datetime"
      }
    }
  },
  "@dt": {
    "chains": {
      "getJobTitles": {
        "showInDiagram": "navigationOnly"
      }
    }
  }
}