{
  "custom_fields": [
    {
      "name_key": "job_type",
      "value": 20712709004
    },
    {
      "name_key": "manage_others",
      "value": "false"
    },
    {
      "name_key": "backfill_name",
      "value": "DAVID TRIANA - 40"
    },
    {
      "name_key": "termination_date",
      "value": "7/30/2025"
    },
    {
      "name_key": "job_code_job_1750947121.7309973",
      "value": "9999"
    },
    {
      "name_key": "management_level",
      "value": "SVP"
    },
    {
      "name_key": "budgeter",
      "value": "svc-oic-gh@kaseya.com"
    },
    {
      "name_key": "product",
      "value": "Audit and Compliance"
    },
    {
      "name_key": "module",
      "value": "AudIT"
    },
    {
      "name_key": "division",
      "value": "Corporate"
    },
    {
      "name_key": "salary_job_1641382351.3796115",
      "min_value": 90000,
      "max_value": 90000,
      "unit": "USD"
    },
	{
      "name_key": "salary",
      "min_value": 1000,
      "max_value": 1000,
      "unit": "USD"
    }
  ],
  "team_and_responsibilities" : "<p> test </p>"

}