{
    "id": 4960015004,
    "name": "Kaseya Job 1 - 20250730-5",
    "requisition_id": "20250730-5",
    "notes": null,
    "confidential": false,
    "is_template": false,
    "copied_from_id": 4958052004,
    "status": "open",
    "created_at": "2025-07-30T22:57:16.212Z",
    "opened_at": "2025-07-30T22:57:17.640Z",
    "closed_at": null,
    "updated_at": "2025-07-30T23:59:08.241Z",
    "departments": [
        {
            "id": 4094673004,
            "name": "AM : AMA Managers",
            "parent_id": 4094672004,
            "parent_department_external_id": "",
            "child_ids": [],
            "child_department_external_ids": [],
            "external_id": "300000004520148"
        }
    ],
    "offices": [
        {
            "id": 4067224004,
            "name": "Ireland - Remote",
            "location": {
                "name": null
            },
            "primary_contact_user_id": null,
            "parent_id": 4067223004,
            "parent_office_external_id": "",
            "child_ids": [],
            "child_office_external_ids": [],
            "external_id": "300000006129763"
        }
    ],
    "hiring_team": {
        "hiring_managers": [],
        "recruiters": [],
        "coordinators": [],
        "sourcers": []
    },
    "openings": [
        {
            "id": 5637214004,
            "opening_id": null,
            "status": "open",
            "opened_at": "2025-07-30T22:57:16.364Z",
            "closed_at": null,
            "application_id": null,
            "close_reason": null,
            "custom_fields": {
                "relocation_assistance": null
            },
            "keyed_custom_fields": {
                "relocation_assistance": null
            }
        }
    ],
    "custom_fields": {
        "job_code": 9999,
        "employment_type": null,
        "job_type": "Replacement-Standard Req",
        "backfill_name": "DAVID TRIANA - 40",
        "termination_date": "2025-07-30",
        "manage_others": false,
        "salary_range_(usd)": {
            "min_value": "90000.0",
            "max_value": "90000.0",
            "unit": "USD"
        },
        "salary_range_(local_currency)": null,
        "variable_compensation_(usd)": {
            "min_value": "1000.0",
            "max_value": "1000.0",
            "unit": "USD"
        },
        "variable_compensation_(local_currency)": null,
        "budgeter": {
            "name": "SVC-OIC GH",
            "email": "svc-oic-gh@kaseya.com",
            "user_id": 5171090004
        },
        "division": [
            "Corporate"
        ],
        "suite": "Audit and Compliance",
        "module": "AudIT",
        "shift": null,
        "management_level": "SVP"
    },
    "keyed_custom_fields": {
        "job_code_job_1750947121.7309973": {
            "name": "Job Code",
            "type": "number",
            "value": 9999
        },
        "employment_type": null,
        "job_type": {
            "name": "Job Type",
            "type": "single_select",
            "value": "Replacement-Standard Req"
        },
        "backfill_name": {
            "name": "Backfill Name",
            "type": "short_text",
            "value": "DAVID TRIANA - 40"
        },
        "termination_date": {
            "name": "Termination Date",
            "type": "date",
            "value": "2025-07-30"
        },
        "manage_others": {
            "name": "Manage Others",
            "type": "boolean",
            "value": false
        },
        "salary_job_1641382351.3796115": {
            "name": "Salary Range (USD)",
            "type": "currency_range",
            "value": {
                "min_value": "90000.0",
                "max_value": "90000.0",
                "unit": "USD"
            }
        },
        "salary_range__local_currency_": null,
        "salary": {
            "name": "Variable Compensation (USD)",
            "type": "currency_range",
            "value": {
                "min_value": "1000.0",
                "max_value": "1000.0",
                "unit": "USD"
            }
        },
        "variable_compensation__local_currency_": null,
        "budgeter": {
            "name": "Budgeter",
            "type": "user",
            "value": {
                "name": "SVC-OIC GH",
                "email": "svc-oic-gh@kaseya.com",
                "user_id": 5171090004
            }
        },
        "division": {
            "name": "Division",
            "type": "multi_select",
            "value": [
                "Corporate"
            ]
        },
        "product": {
            "name": "Suite",
            "type": "single_select",
            "value": "Audit and Compliance"
        },
        "module": {
            "name": "Module",
            "type": "single_select",
            "value": "AudIT"
        },
        "shift": null,
        "management_level": {
            "name": "Management Level",
            "type": "short_text",
            "value": "SVP"
        }
    }
}