{
    "openapi": "3.0.0",
    "info": {
        "title": "Ics",
        "version": "1.0.0"
    },
    "servers": [
        {
            "url": "vb-catalog://backends/ics",
            "description": "Ics"
        }
    ],
    "paths": {
        "/ic/api/integration/v2/flows/rest/project/COMMON/KSY_XXI021_ESS_BICC_SUMMARY/1.0/essbiccsummary": {
            "post": {
                "operationId": "postIcApiIntegrationV2FlowsRestProjectCOMMONKSY_XXI021_ESS_BICC_SUMMARY1_0Essbiccsummary",
                "requestBody": {
                    "content": {
                        "application/json": {
                            "schema": {
                                "$ref": "#/components/schemas/PostIcApiIntegrationV2FlowsRestProjectCOMMONKSY_XXI021_ESS_BICC_SUMMARY1_0EssbiccsummaryRequest"
                            },
                            "examples": {
                                "vb": {
                                    "externalValue": "./examples/postIcApiIntegrationV2FlowsRestProjectCOMMONKSY_XXI021_ESS_BICC_SUMMARY1_0Essbiccsummary/request_application_json_vb.json",
                                    "summary": "Example stored by VB User"
                                }
                            }
                        }
                    }
                },
                "responses": {},
                "x-vb": {
                    "actionHint": "getMany"
                }
            }
        }
    },
    "components": {
        "schemas": {
            "PostIcApiIntegrationV2FlowsRestProjectCOMMONKSY_XXI021_ESS_BICC_SUMMARY1_0EssbiccsummaryRequest": {
                "type": "object",
                "properties": {
                    "triggerType": {
                        "type": "string"
                    },
                    "lastSuccessRun": {
                        "type": "string"
                    }
                }
            }
        }
    }
}