{
    "openapi": "3.0.0",
    "info": {
        "title": "GreenhouseBackEnd",
        "version": "1.0.0"
    },
    "servers": [
        {
            "url": "vb-catalog://backends/GreenhouseBackEnd",
            "description": "GreenhouseBackEnd"
        }
    ],
    "paths": {
        "/custom_fields/job": {
            "get": {
                "operationId": "get",
                "responses": {
                    "default": {
                        "description": "Default response",
                        "content": {
                            "application/json": {
                                "schema": {
                                    "$ref": "#/components/schemas/GetCustom_fieldsJob"
                                },
                                "examples": {
                                    "vb": {
                                        "externalValue": "./examples/get/response_default_application_json_vb.json"
                                    }
                                }
                            }
                        }
                    }
                },
                "x-vb": {
                    "actionHint": "getMany"
                }
            }
        }
    },
    "components": {
        "schemas": {
            "GetCustom_fieldsJob": {
                "type": "array",
                "items": {
                    "type": "object",
                    "properties": {
                        "id": {
                            "type": "integer"
                        },
                        "name": {
                            "type": "string"
                        },
                        "active": {
                            "type": "boolean"
                        },
                        "field_type": {
                            "type": "string"
                        },
                        "priority": {
                            "type": "integer"
                        },
                        "value_type": {
                            "type": "string"
                        },
                        "private": {
                            "type": "boolean"
                        },
                        "required": {
                            "type": "boolean"
                        },
                        "require_approval": {
                            "type": "boolean"
                        },
                        "trigger_new_version": {
                            "type": "boolean"
                        },
                        "name_key": {
                            "type": "string"
                        },
                        "description": {
                            "type": "string",
                            "nullable": true
                        },
                        "expose_in_job_board_api": {
                            "type": "boolean"
                        },
                        "api_only": {
                            "type": "boolean"
                        },
                        "offices": {
                            "type": "array",
                            "items": {
                                "type": "object",
                                "properties": {
                                    "id": {
                                        "type": "integer"
                                    },
                                    "name": {
                                        "type": "string"
                                    },
                                    "location": {
                                        "type": "object",
                                        "properties": {
                                            "name": {
                                                "type": "string"
                                            }
                                        }
                                    },
                                    "primary_contact_user_id": {
                                        "nullable": true
                                    },
                                    "parent_id": {
                                        "type": "integer"
                                    },
                                    "parent_office_external_id": {
                                        "type": "string"
                                    },
                                    "child_ids": {
                                        "type": "array",
                                        "items": {
                                            "type": "integer"
                                        }
                                    },
                                    "child_office_external_ids": {
                                        "type": "array",
                                        "items": {
                                            "type": "string"
                                        }
                                    },
                                    "external_id": {
                                        "type": "string"
                                    }
                                }
                            }
                        },
                        "departments": {
                            "type": "array",
                            "items": {}
                        },
                        "template_token_string": {
                            "type": "string",
                            "nullable": true
                        },
                        "custom_field_options": {
                            "type": "array",
                            "items": {
                                "type": "object",
                                "properties": {
                                    "id": {
                                        "type": "integer"
                                    },
                                    "name": {
                                        "type": "string"
                                    },
                                    "priority": {
                                        "type": "integer"
                                    },
                                    "external_id": {
                                        "nullable": true
                                    }
                                }
                            }
                        }
                    }
                }
            }
        }
    }
}