{
    "openapi": "3.0.0",
    "info": {
        "title": "GreenhouseBackEnd",
        "version": "1.0.0"
    },
    "servers": [
        {
            "url": "vb-catalog://backends/GreenhouseBackEnd",
            "description": "GreenhouseBackEnd"
        }
    ],
    "paths": {
        "/jobs": {
            "post": {
                "operationId": "post_job",
                "parameters": [
                    {
                        "name": "on-behalf-of",
                        "in": "header",
                        "schema": {
                            "type": "string"
                        }
                    }
                ],
                "requestBody": {
                    "content": {
                        "application/json": {
                            "schema": {
                                "$ref": "#/components/schemas/PostJobsRequest"
                            },
                            "examples": {
                                "vb": {
                                    "externalValue": "./examples/post/request_application_json_vb.json"
                                }
                            }
                        }
                    }
                },
                "responses": {
                    "default": {
                        "description": "Default response",
                        "content": {
                            "application/json": {
                                "schema": {
                                    "$ref": "#/components/schemas/PostJobsResponse"
                                },
                                "examples": {
                                    "vb": {
                                        "externalValue": "./examples/post/response_default_application_json_vb.json"
                                    }
                                }
                            }
                        }
                    }
                },
                "x-vb": {
                    "actionHint": "create"
                }
            }
        }
    },
    "components": {
        "schemas": {
            "PostJobsRequest": {
                "type": "object",
                "properties": {
                    "template_job_id": {
                        "type": "integer"
                    },
                    "number_of_openings": {
                        "type": "integer"
                    },
                    "job_name": {
                        "type": "string"
                    },
                    "external_department_id": {
                        "type": "string"
                    },
                    "external_office_ids": {
                        "type": "array",
                        "items": {
                            "type": "string"
                        }
                    },
                    "requisition_id": {
                        "type": "string"
                    }
                }
            },
            "PostJobsResponse": {
                "type": "object",
                "properties": {
                    "id": {
                        "type": "integer"
                    },
                    "name": {
                        "type": "string"
                    },
                    "requisition_id": {
                        "type": "string"
                    },
                    "notes": {
                        "nullable": true
                    },
                    "confidential": {
                        "type": "boolean"
                    },
                    "is_template": {
                        "type": "boolean"
                    },
                    "copied_from_id": {
                        "type": "integer"
                    },
                    "status": {
                        "type": "string"
                    },
                    "created_at": {
                        "type": "string"
                    },
                    "opened_at": {
                        "type": "string"
                    },
                    "closed_at": {
                        "nullable": true
                    },
                    "updated_at": {
                        "type": "string"
                    },
                    "departments": {
                        "type": "array",
                        "items": {
                            "type": "object",
                            "properties": {
                                "id": {
                                    "type": "integer"
                                },
                                "name": {
                                    "type": "string"
                                },
                                "parent_id": {
                                    "type": "integer"
                                },
                                "parent_department_external_id": {
                                    "type": "string"
                                },
                                "child_ids": {
                                    "type": "array",
                                    "items": {}
                                },
                                "child_department_external_ids": {
                                    "type": "array",
                                    "items": {}
                                },
                                "external_id": {
                                    "type": "string"
                                }
                            }
                        }
                    },
                    "offices": {
                        "type": "array",
                        "items": {
                            "type": "object",
                            "properties": {
                                "id": {
                                    "type": "integer"
                                },
                                "name": {
                                    "type": "string"
                                },
                                "location": {
                                    "type": "object",
                                    "properties": {
                                        "name": {
                                            "nullable": true
                                        }
                                    }
                                },
                                "primary_contact_user_id": {
                                    "nullable": true
                                },
                                "parent_id": {
                                    "type": "integer"
                                },
                                "parent_office_external_id": {
                                    "type": "string"
                                },
                                "child_ids": {
                                    "type": "array",
                                    "items": {}
                                },
                                "child_office_external_ids": {
                                    "type": "array",
                                    "items": {}
                                },
                                "external_id": {
                                    "type": "string"
                                }
                            }
                        }
                    },
                    "hiring_team": {
                        "type": "object",
                        "properties": {
                            "hiring_managers": {
                                "type": "array",
                                "items": {}
                            },
                            "coordinators": {
                                "type": "array",
                                "items": {}
                            },
                            "recruiters": {
                                "type": "array",
                                "items": {}
                            },
                            "sourcers": {
                                "type": "array",
                                "items": {}
                            }
                        }
                    },
                    "custom_fields": {
                        "type": "object",
                        "properties": {
                            "job_code": {
                                "nullable": true
                            },
                            "employment_type": {
                                "nullable": true
                            },
                            "job_type": {
                                "nullable": true
                            },
                            "backfill_name": {
                                "nullable": true
                            },
                            "termination_date": {
                                "nullable": true
                            },
                            "manage_others": {
                                "nullable": true
                            },
                            "salary_range_(usd)": {
                                "nullable": true
                            },
                            "salary_range_(local_currency)": {
                                "nullable": true
                            },
                            "variable_compensation_(usd)": {
                                "nullable": true
                            },
                            "variable_compensation_(local_currency)": {
                                "nullable": true
                            },
                            "budgeter": {
                                "nullable": true
                            },
                            "division": {
                                "nullable": true
                            },
                            "suite": {
                                "nullable": true
                            },
                            "module": {
                                "nullable": true
                            },
                            "shift": {
                                "nullable": true
                            },
                            "management_level": {
                                "nullable": true
                            }
                        }
                    },
                    "keyed_custom_fields": {
                        "type": "object",
                        "properties": {
                            "job_code_job_1750947121.7309973": {
                                "nullable": true
                            },
                            "employment_type": {
                                "nullable": true
                            },
                            "job_type": {
                                "nullable": true
                            },
                            "backfill_name": {
                                "nullable": true
                            },
                            "termination_date": {
                                "nullable": true
                            },
                            "manage_others": {
                                "nullable": true
                            },
                            "salary_job_1641382351.3796115": {
                                "nullable": true
                            },
                            "salary_range__local_currency_": {
                                "nullable": true
                            },
                            "salary": {
                                "nullable": true
                            },
                            "variable_compensation__local_currency_": {
                                "nullable": true
                            },
                            "budgeter": {
                                "nullable": true
                            },
                            "division": {
                                "nullable": true
                            },
                            "product": {
                                "nullable": true
                            },
                            "module": {
                                "nullable": true
                            },
                            "shift": {
                                "nullable": true
                            },
                            "management_level": {
                                "nullable": true
                            }
                        }
                    },
                    "openings": {
                        "type": "array",
                        "items": {
                            "type": "object",
                            "properties": {
                                "id": {
                                    "type": "integer"
                                },
                                "opening_id": {
                                    "nullable": true
                                },
                                "status": {
                                    "type": "string"
                                },
                                "opened_at": {
                                    "type": "string"
                                },
                                "closed_at": {
                                    "nullable": true
                                },
                                "application_id": {
                                    "nullable": true
                                },
                                "close_reason": {
                                    "nullable": true
                                },
                                "custom_fields": {
                                    "type": "object",
                                    "properties": {
                                        "relocation_assistance": {
                                            "nullable": true
                                        }
                                    }
                                },
                                "keyed_custom_fields": {
                                    "type": "object",
                                    "properties": {
                                        "relocation_assistance": {
                                            "nullable": true
                                        }
                                    }
                                }
                            }
                        }
                    }
                }
            }
        }
    }
}