{
    "fields": [
        {
            "type": "string",
            "name": "typeOfReport",
            "key": true,
            "oid": "218a17f5-eff5-4490-aefe-ff721af1de6f",
            "columnName": "TYPE_OF_REPORT",
            "updatable": false,
            "required": true,
            "unique": true,
            "displayLabel": "Type Of Report",
            "maxLength": 250
        },
{
            "type": "string",
            "name": "successfullRunTime",
            "oid": "cf080b75-04b8-4d18-a474-203fd7f561cc",
            "columnName": "SUCCESSFULL_RUN_TIME",
            "updatable": true,
            "displayLabel": "Successfull Run Time"
        },
        {
            "type": "string",
            "name": "isOlderThan3Min",
            "oid": "723370ad-356b-46b1-83d8-c83d611b1f3c",
            "columnName": "IS_OLDER_THAN_3_MIN",
            "displayLabel": "Is Older Than 3 Min"
        }
    ],
    "name": "ReportLastRunDetailsV",
    "oid": "8cc847d8-b169-4c51-9fc9-2079696b5e9d",
    "displayLabel": "Report Last Run Details V",
    "tableName": "\"XXOOD_XXI021_ESS_BICC_REPORT_LAST_RUN_DETAILS_TABLE_V\""
}