{
    "id": 4960015004,
    "name": "Kaseya Job 1 - 20250730-5",
    "requisition_id": "20250730-5",
    "notes": null,
    "confidential": false,
    "is_template": false,
    "copied_from_id": 4958052004,
    "status": "open",
    "created_at": "2025-07-30T15:57:16.212Z",
    "opened_at": "2025-07-30T15:57:17.640Z",
    "closed_at": null,
    "updated_at": "2025-07-30T15:57:17.643Z",
    "departments": [
        {
            "id": 4094673004,
            "name": "AM : AMA Managers",
            "parent_id": 4094672004,
            "parent_department_external_id": "",
            "child_ids": [],
            "child_department_external_ids": [],
            "external_id": "300000004520148"
        }
    ],
    "offices": [
        {
            "id": 4067224004,
            "name": "Ireland - Remote",
            "location": {
                "name": null
            },
            "primary_contact_user_id": null,
            "parent_id": 4067223004,
            "parent_office_external_id": "",
            "child_ids": [],
            "child_office_external_ids": [],
            "external_id": "300000006129763"
        }
    ],
    "hiring_team": {
        "hiring_managers": [],
        "coordinators": [],
        "recruiters": [],
        "sourcers": []
    },
    "custom_fields": {
        "job_code": null,
        "employment_type": null,
        "job_type": null,
        "backfill_name": null,
        "termination_date": null,
        "manage_others": null,
        "salary_range_(usd)": null,
        "salary_range_(local_currency)": null,
        "variable_compensation_(usd)": null,
        "variable_compensation_(local_currency)": null,
        "budgeter": null,
        "division": null,
        "suite": null,
        "module": null,
        "shift": null,
        "management_level": null
    },
    "keyed_custom_fields": {
        "job_code_job_1750947121.7309973": null,
        "employment_type": null,
        "job_type": null,
        "backfill_name": null,
        "termination_date": null,
        "manage_others": null,
        "salary_job_1641382351.3796115": null,
        "salary_range__local_currency_": null,
        "salary": null,
        "variable_compensation__local_currency_": null,
        "budgeter": null,
        "division": null,
        "product": null,
        "module": null,
        "shift": null,
        "management_level": null
    },
    "openings": [
        {
            "id": 5637214004,
            "opening_id": null,
            "status": "open",
            "opened_at": "2025-07-30T15:57:16.364Z",
            "closed_at": null,
            "application_id": null,
            "close_reason": null,
            "custom_fields": {
                "relocation_assistance": null
            },
            "keyed_custom_fields": {
                "relocation_assistance": null
            }
        }
    ]
}