{
  "layoutTypes": {
    "businessObjects": {
      "kind": "operationRef",
      "serviceId": "businessObjects",
      "operations": [
        "create_XxreqJobReqDepartments"
      ]
    }
  },
  "layouts": {
    "isDefault": {
      "description": "Default Rule",
      "type": "businessObjects",
      "expression": "default"
    },
    "lkk": {
      "type": "businessObjects",
      "layoutType": "form",
      "label": "lkk",
      "rules": [
        "isDefault"
      ],
      "layouts": {
        "default": {
          "layoutType": "form",
          "layout": {
            "displayProperties": [
              "departmentId",
              "departmentName",
              "ghDepartmentId"
            ]
          }
        }
      }
    }
  },
  "templates": {}
}