{
  "title": "BICC Jobs - Dashboard",
  "description": "",
  "variables": {

    "OCISummaryPostData": {
      "type": {
        "lastSuccessRun": "string",
        "triggerType": "string"
      }
    }

  },
  "metadata": {},
  "types": {
    "@decorators.getallBiccCountLast30DayChartResponse": {
      "endpoint": "getall_BiccCountLast30DayChart",
      "service": "businessObjects",
      "path": "response"
    },
    "@decorators.getallBiccCountLast7DaysChartResponse": {
      "endpoint": "getall_BiccCountLast7DaysChart",
      "service": "businessObjects",
      "path": "response"
    },
    "@decorators.getallBiccCountTodayVChartResponse": {
      "endpoint": "getall_BiccCountTodayVChart",
      "service": "businessObjects",
      "path": "response"
    },
    "@decorators.getallBiccCountYesterdayChartResponse": {
      "endpoint": "getall_BiccCountYesterdayChart",
      "service": "businessObjects",
      "path": "response"
    },
    "@decorators.getallESSCount30DaysVChartResponse": {
      "endpoint": "getall_ESSCount30DaysVChart",
      "service": "businessObjects",
      "path": "response"
    },
    "@decorators.getallESSCount7DaysVChartResponse": {
      "endpoint": "getall_ESSCount7DaysVChart",
      "service": "businessObjects",
      "path": "response"
    },
    "@decorators.getallESSCountTodayVChartResponse": {
      "endpoint": "getall_ESSCountTodayVChart",
      "service": "businessObjects",
      "path": "response"
    },
    "@decorators.getallESSYesterdayVChartResponse": {
      "endpoint": "getall_ESSYesterdayVChart",
      "service": "businessObjects",
      "path": "response"
    },
    "@decorators.getallXxoodEssSummaryTblVResponse": {
      "endpoint": "getall_XxoodEssSummaryTblV",
      "service": "businessObjects",
      "path": "response"
    }
   

  },
  "eventListeners": {
    "cardAction": {
      "chains": [
        {
          "chain": "CardActionChain1"
        }
      ]
    },
    "cardOneAction": {
      "chains": [
        {
          "chain": "CardActionChain"
        }
      ]
    },
    "flexRowClick": {
      "chains": [
        {
          "chain": "FlexRowClickChain"
        }
      ]
    },
    "flexRowClick2": {
      "chains": [
        {
          "chain": "waitingcount"
        }
      ]
    },
    "liClick": {
      "chains": [
        {
          "chain": "Backtomainflow"
        }
      ]
    },
    "panelClick": {
      "chains": [
        {
          "chain": "warningcount"
        }
      ]
    },
    "panelClick2": {
      "chains": [
        {
          "chain": "finishcount"
        }
      ]
    },
    "vbEnter": {
      "chains": [
        {
          "parameters": {},
          "chain": "BiccDashboarddataCount"
        }
      ]
    },
    "vbExit": {
      "chains": [
      ]
    }

  },
  "imports": {
    "components": {
      "oj-action-card": {
        "path": "ojs/ojactioncard"
      },
      "oj-chart": {
        "path": "ojs/ojchart"
      },
      "oj-chart-item": {
        "path": "ojs/ojchart"
      }
    }
  }
}
